<?xml version="1.0" encoding="utf-8"?>

<movies>
  <movie>
    <title>Vertigo</title>
    <year>1958</year>
    <genre>drama</genre>
    <summary>Scottie Ferguson, ancien inspecteur de police, est sujet au vertige depuis qu'il a vu mourir son
	 collègue. Elster, son ami, le charge de surveiller sa femme, Madeleine, ayant des tendances
	 suicidaires. Amoureux de la jeune femme Scottie ne remarque pas le piège qui se trame autour
	 de lui et dont il va être la victime... </summary>
    <country>USA</country>
	<director  id='3' >
	</director>
	<actor  id='15' >
	    <role>John Ferguson</role>
	</actor>
	<actor  id='16' >
	    <role>Madeleine Elster</role>
	</actor>

  </movie>
  <movie>
    <title>Alien</title>
    <year>1979</year>
    <genre>Science-fiction</genre>
    <summary>Près d'un vaisseau spatial échoué sur une lointaine planète, des Terriens en mission découvrent
	 de bien étranges &quot;oeufs&quot;. Ils en ramènent un à bord, ignorant qu'ils viennent d'introduire parmi
	 eux un huitième passager particulièrement féroce et meurtrier. </summary>
    <country>USA</country>
    <version>1</version>
	<director  id='4' >
	</director>
	<actor  id='5' >
	    <role>Ripley</role>
	</actor>

  </movie>
  <movie>
    <title>Titanic</title>
    <year>1997</year>
    <genre>drama</genre>
    <summary>Conduite par Brock Lovett, une expédition américaine fouillant l'épave du Titanic remonte à la
	 surface le croquis d'une femme nue. Alertée par les médias la dame en question, Rose DeWitt
	 Bukater, aujourd'hui centenaire, rejoint les lieux du naufrage, d'où elle entreprend de conter le
	 récit de son fascinant, étrange et tragique voyage... </summary>
    <country>USA</country>
    <version>1</version>
	<director  id='6' >
	</director>
	<actor  id='109' >
	    <role>Rose DeWitt Bukater</role>
	</actor>
	<actor  id='110' >
	    <role>Jack Dawson</role>
	</actor>

  </movie>
  <movie>
    <title>Sacrifice</title>
    <year>1986</year>
    <genre>drama</genre>
    <country>FR</country>
    <version>1</version>
	<director  id='9' >
	</director>

  </movie>
  <movie>
    <title>Volte/Face</title>
    <year>1997</year>
    <genre>Action</genre>
    <summary>Directeur d'une unité anti-terroriste, Sean Archer recherche Castor Troy, un criminel responsable de la
	 mort de son fils six ans plus tôt. Il parvient à l'arrêter mais apprend que Troy a caché une bombe au Palais
	 des Congrès de Los Angeles. Seul le frère de Troy peut la désamorcer et, pour l'approcher, Archer se fait
	 greffer le visage de Troy. </summary>
    <country>USA</country>
    <version>1</version>
	<director  id='10' >
	</director>
	<actor  id='11' >
	    <role>Sean Archer/Castor Troy</role>
	</actor>
	<actor  id='12' >
	    <role>Castor Troy/Sean Archer</role>
	</actor>

  </movie>
  <movie>
    <title>Sleepy Hollow</title>
    <year>1999</year>
    <genre>Fantastique</genre>
    <summary>Nouvelle Angleterre, 1799. A Sleepy Hollow, plusieurs cadavres sont retrouvés décapités. La
	                                      rumeur attribue ces meurtres à un cavalier lui-même sans tête. Mais le fin limier
	                                      new-yorkais Ichabod Crane ne croit pas en ses aberrations. Tombé sous le charme de la
	                                      vénéneuse Katrina, il mène son enquête au coeur des sortilèges de Sleepy Hollow.. </summary>
    <country>USA</country>
    <version>1</version>
	<director  id='13' >
	</director>
	<actor  id='14' >
	    <role>Constable Ichabod Crane</role>
	</actor>
	<actor  id='96' >
	    <role>Katrina Anne Van Tassel</role>
	</actor>
	<actor  id='97' >
	    <role>Le cavalier</role>
	</actor>

  </movie>
  <movie>
    <title>American Beauty</title>
    <year>1999</year>
    <genre>Comédie</genre>
    <summary>Lester Burnham, sa femme Carolyn et leur fille Jane mènent apparemment une vie des plus
	 heureuses dans leur belle banlieue. Mais derrière cette respectable façade se tisse une étrange
	 et grinçante tragi-comédie familiale où désirs inavoués, frustrations et violences refoulées
	 conduiront inexorablement un homme vers la mort. </summary>
    <country>USA</country>
    <version>1</version>
	<director  id='17' >
	</director>
	<actor  id='18' >
	    <role>Lester Burnham</role>
	</actor>
	<actor  id='19' >
	    <role>Carolyn Burnham</role>
	</actor>

  </movie>
  <movie>
    <title>Impitoyable</title>
    <year>1992</year>
    <genre>Western</genre>
    <summary>Légendaire hors-la-loi, William Munny s'est reconverti depuis onze ans en paisible fermier. Il
	 reprend néanmoins les armes pour traquer deux tueurs en compagnie de son vieil ami Ned
	 Logan. Mais ce dernier est capturé, puis éxécute. L'honneur et l'amitié imposent dès lors à
	 Munny de redevenir une dernière fois le héros qu'il fut jadis... </summary>
    <country>USA</country>
    <version>1</version>
	<director  id='20' >
	</director>
	<actor  id='20' >
	    <role>William Munny</role>
	</actor>
	<actor  id='21' >
	    <role>Little Bill Dagget</role>
	</actor>
	<actor  id='22' >
	    <role>Ned Logan</role>
	</actor>

  </movie>
  <movie>
    <title>Gladiator</title>
    <year>2000</year>
    <genre>drama</genre>
    <summary>Le général romain Maximus est le plus fidèle
	                    soutien de l'empereur Marc Aurèle, qu'il a
	                    conduit de victoire en victoire avec une
	                    bravoure et un dévouement exemplaires.
	                    Jaloux du prestige de Maximus, et plus
	                    encore de l'amour que lui voue l'empereur,
	                    le fils de Marc-Aurèle, Commode, s'arroge
	                    brutalement le pouvoir, puis ordonne
	                    l'arrestation du général et son exécution.
	                    Maximus échappe à ses assassins mais ne peut
	                    empêcher le massacre de sa famille. Capturé
	                    par un marchand d'esclaves, il devient
	                    gladiateur et prépare sa vengeance.</summary>
    <country>USA</country>
    <version>1</version>
	<director  id='4' >
	</director>
	<actor  id='23' >
	    <role>Maximus</role>
	</actor>
	<actor  id='147' >
	    <role>Commode</role>
	</actor>
	<actor  id='148' >
	    <role>Lucilla</role>
	</actor>
	<actor  id='149' >
	    <role>Marc Aurele</role>
	</actor>

  </movie>
  <movie>
    <title>Blade Runner</title>
    <year>1982</year>
    <genre>Action</genre>
    <summary>En 2019, lors de la décadence de Los Angeles, des êtres synthétiques, sans pensée, sans
	 émotions, suffisent aux différents travaux d'entretien. Leur durée de vie n'excède pas 4 années.
	 Un jour, ces ombres humaines se révoltent et on charge les tueurs, appelés Blade Runner, de
	 les abattre... </summary>
    <country>USA</country>
    <version>1</version>
	<director  id='4' >
	</director>
	<actor  id='24' >
	    <role>Deckard</role>
	</actor>
	<actor  id='25' >
	    <role>Batty</role>
	</actor>

  </movie>
  <movie>
    <title>Piège de cristal</title>
    <year>1988</year>
    <genre>Action</genre>
    <summary>John Mc Clane, policier new-yorkais, vient passer Noel a Los Angeles aupres de sa femme.
	 Dans le building ou elle travaille, il se retrouve temoin de la prise en otage de tout le personnel
	 par 12 terroristes. Objectif de ces derniers, vider les coffres de la societe. Cache mais isole, il
	 entreprend de prevenir l'exterieur...</summary>
    <country>USA</country>
    <version>1</version>
	<director  id='26' >
	</director>
	<actor  id='27' >
	    <role>McClane</role>
	</actor>

  </movie>
  <movie>
    <title>58 minutes pour vivre</title>
    <year>1990</year>
    <genre>Action</genre>
    <summary>
	
	
	
	
	
	
	
	 Venu attendre sa femme a l'aéroport, le policier John McClane remarque la présence de
	 terroristes qui ont pris le contrôle des pistes, empêchant tout avion d'atterrir et menaçant de
	 laisser les appareils en vol tourner jusqu'à épuisement de leur kérosène. John n'a devant lui que
	 58 minutes pour éviter la catastrophe... </summary>
    <country>USA</country>
    <version>1</version>
	<director  id='28' >
	</director>
	<actor  id='27' >
	    <role>McClane</role>
	</actor>

  </movie>
  <movie>
    <title>Van Gogh</title>
    <year>1990</year>
    <genre>drama</genre>
    <summary>Les derniers jours de la vie de Vincent Van Gogh, réfugié à Auvers-sur-Oise, près de chez son
	 ami et protecteur le docteur Gachet, un ami de son frère Théo. Ce peintre maudit, que les
	 villageois surlast_namemaient &quot;le fou&quot;, n'avait alors plus que deux mois à vivre, qu'il passa en
	 peignant un tableau par jour. </summary>
    <country>FR</country>
    <version>1</version>
	<director  id='29' >
	</director>
	<actor  id='30' >
	    <role>Van Gogh</role>
	</actor>

  </movie>
  <movie>
    <title>Seven</title>
    <year>1995</year>
    <genre>crime</genre>
    <summary>A New York, un criminel anonyme a décidé de commettre 7 meurtres basés sur les 7 pêchés
	 capitaux énoncés dans la Bible : gourmandise, avarice, paresse, orgueil, luxure, envie et colère.
	 Vieux flic blasé à 7 jours de la retraite, l'inspecteur Somerset mène l'enquête tout en formant
	 son remplaçant, l'ambitieux inspecteur David Mills... </summary>
    <country>USA</country>
    <version>1</version>
	<director  id='31' >
	</director>
	<actor  id='18' >
	    <role>Doe</role>
	</actor>
	<actor  id='22' >
	    <role>Somerset</role>
	</actor>
	<actor  id='32' >
	    <role>Mills</role>
	</actor>

  </movie>
  <movie>
    <title>L'armée des douze singes</title>
    <year>1995</year>
    <genre>Science-fiction</genre>
    <country>USA</country>
    <version>1</version>
	<director  id='33' >
	</director>
	<actor  id='27' >
	    <role>Cole</role>
	</actor>

  </movie>
  <movie>
    <title>Le last_name de la rose</title>
    <year>1986</year>
    <genre>crime</genre>
    <summary>En l'an 1327, dans une abbaye bénédictine, le moine franciscain Guillaume de Baskerville,
	 accompagné de son jeune novice Adso, enquête sur de mystérieuses morts qui frappent la
	 confrérie. Le secret semble résider dans la bibliothèque, où le vieux Jorge garde jalousement un
	 livre jugé maudit. </summary>
    <country>FR</country>
    <version>1</version>
	<director  id='34' >
	</director>
	<actor  id='35' >
	    <role>Baskerville</role>
	</actor>
	<actor  id='36' >
	    <role>de Melk</role>
	</actor>

  </movie>
  <movie>
    <title>Pulp fiction</title>
    <year>1994</year>
    <genre>Action</genre>
    <summary>Pulp Fiction décrit l'odyssée sanglante et burlesque de petits malfrats dans la jungle de
	 Hollywood, ou s'entrecroisent les destins de deux petits tueurs, d'un dangereux gangster marié
	 à une camée, d'un boxeur roublard, de prêteurs sur gages sadiques, d'un caïd élégant et
	 dévoué, d'un dealer bon mari et de deux tourtereaux à la gachette facile... </summary>
    <country>USA</country>
    <version>1</version>
	<director  id='37' >
	</director>
	<actor  id='11' >
	    <role>Vincent Vega</role>
	</actor>
	<actor  id='27' >
	    <role>Butch Coolidge</role>
	</actor>
	<actor  id='37' >
	    <role>Jimmy Dimmick</role>
	</actor>
	<actor  id='38' >
	    <role>Jules Winnfield</role>
	</actor>
	<actor  id='39' >
	    <role>Jody</role>
	</actor>
	<actor  id='40' >
	    <role>Mia Wallace</role>
	</actor>
	<actor  id='97' >
	    <role>Capt. Koons</role>
	</actor>
	<actor  id='98' >
	    <role>Winston &quot;The Wolf&quot; Wolfe</role>
	</actor>
	<actor  id='99' >
	    <role>Pumpkin (Ringo)</role>
	</actor>

  </movie>
  <movie>
    <title>Mary à tout prix</title>
    <year>1998</year>
    <genre>Comédie</genre>
    <summary>Pour retrouver l'amour de sa jeunesse, la belle Mary, Ted-le-looser engage Pat Healy, un
	 privé. Subjugé par la jeune femme, ce dernier tente de la séduire en se faisant passer pour un
	 architecte. Il cache la vérité à Ted et fait cause commune avec Tucker, un autre prétendant,
	 pour se débarrasser de l'encombrant Ted... </summary>
    <country>USA</country>
    <version>1</version>
	<director  id='41' >
	</director>
	<actor  id='42' >
	    <role>Mary Jensen Matthews</role>
	</actor>
	<actor  id='43' >
	    <role>Pat Healy</role>
	</actor>

  </movie>
  <movie>
    <title>Terminator</title>
    <year>1984</year>
    <genre>Science-fiction</genre>
    <summary>Deux creatures venues du futur debarquent sur terre. L'une d'entre elles, le Terminator, doit
	 eliminer une certaine Sarah Connor, qui doit enfanter celui qui sera le chef d'un groupe de
	 resistants. L'autre, Kyle Reese, est charge par les rebelles de defendre Sarah... </summary>
    <country>USA</country>
    <version>1</version>
	<director  id='6' >
	</director>
	<actor  id='44' >
	    <role>Terminator</role>
	</actor>

  </movie>
  <movie>
    <title>Les dents de la mer</title>
    <year>1975</year>
    <genre>Horreur</genre>
    <summary>Dans la station balnéaire d'Amityville, un requin géant frappe à plusieurs reprises. Soucieux
	 d'une bonne saison touristique, le maire interdit au sherif Brody de fermer les plages. Une prime
	 est offerte et le célèbre chasseur de requin Quint se lance avec Brody et l'ichtyologue Hooper à
	 la poursuite du monstre... </summary>
    <country>FR</country>
    <version>1</version>
	<director  id='45' >
	</director>
	<actor  id='46' >
	    <role>Martin Brody</role>
	</actor>
	<actor  id='47' >
	    <role>Quint</role>
	</actor>
	<actor  id='48' >
	    <role>Matt Hooper</role>
	</actor>

  </movie>
  <movie>
    <title>Le silence des agneaux</title>
    <year>1990</year>
    <genre>crime</genre>
    <summary>Afin de retrouver la piste d'un tueur surlast_namemé Buffalo Bill car il scalpe les femmes qu'il
	 assassine, la jeune stagiaire du FBI Clarice Starling est dépêchée auprès d'Hannibal Lecter,
	 prisonnier pour avoir dévoré ses victimes. La coopération de ce dernier devrait permettre à
	 Clarice de saisir et d'anticiper le comportement de Buffalo... </summary>
    <country>USA</country>
    <version>1</version>
	<director  id='49' >
	</director>
	<actor  id='50' >
	    <role>Dr. Hannibal Lecter</role>
	</actor>
	<actor  id='51' >
	    <role>Clarice Starling</role>
	</actor>

  </movie>
  <movie>
    <title>Godzilla</title>
    <year>1998</year>
    <genre>Action</genre>
    <summary>Issu des radiations atomiques engendrées par les essais nucléaires en Polynésie, un monstre
	 gigantesque, aussi haut qu'un building, se dirige vers New York, semant le chaos sur son
	 passage. Pour tenter de stopper cette créature destructrice, l'armée s'associe à une équipe de
	 scientifiques américains et à un énigmatique enquêteur français... </summary>
    <country>USA</country>
    <version>1</version>
	<director  id='58' >
	</director>
	<actor  id='59' >
	    <role>Dr. Nikos Tatopoulos</role>
	</actor>
	<actor  id='60' >
	    <role>Philippe Roaché</role>
	</actor>

  </movie>
  <movie>
    <title>Matrix</title>
    <year>1999</year>
    <genre>Science-fiction</genre>
    <summary>Dans un monde où tout ce qui semble réel est en fait élaboré par l'univers électronique baptisé
	 la Matrice, Néo, un programmeur, est contacté par un certain Morpheus. D'après lui, Néo
	 serait le Libérateur tant attendu, le seul capable de mettre en échec l'omnipotence de la
	 Matrice et rendre ses droits à la réalité... </summary>
    <country>USA</country>
    <version>1</version>
	<director  id='61' >
	</director>
	<actor  id='62' >
	    <role>Neo</role>
	</actor>
	<actor  id='63' >
	    <role>Morpheus</role>
	</actor>

  </movie>
  <movie>
    <title>Mission: Impossible</title>
    <year>1996</year>
    <genre>Action</genre>
    <summary>Chargé d'une nouvelle mission, l'agent du contre espionnage Ethan Hunt tombe avec son
	 équipe dans un piège sanglant. Seul survivant avec Claire, la jeune épouse de son regretté chef
	 Jim Phelps, Ethan se retrouve accusé de trahison. En fuite, il prépare sa contre-attaque,
	 recrutant l'homme de main Krieger et le pirate informatique Luther... </summary>
    <country>USA</country>
    <version>1</version>
	<director  id='64' >
	</director>
	<actor  id='60' >
	    <role>Franz Krieger</role>
	</actor>
	<actor  id='65' >
	    <role>Ethan Hunt</role>
	</actor>
	<actor  id='66' >
	    <role>Jim Phelps</role>
	</actor>
	<actor  id='67' >
	    <role>Claire Phelps</role>
	</actor>

  </movie>
  <movie>
    <title>Kagemusha</title>
    <year>1980</year>
    <genre>Guerre</genre>
    <summary>Au XVIe siecle, Takeda, grand seigneur trouble par les guerres civiles de son pays, fait appel a
	 un Kagemusha pour l'aider dans ses batailles. Takeda est blesse et avant de mourir, il exige que
	 sa mort soit tenue secrete pendant trois ans afin d'eviter un eclatement du clan. Le Kagemusha
	 devra le remplacer... </summary>
    <country>JP</country>
    <version>1</version>
	<director  id='68' >
	</director>

  </movie>
  <movie>
    <title>Les pleins pouvoirs</title>
    <year>1997</year>
    <genre>crime</genre>
    <summary>Luther Whitney est l'as des cambrioleurs. Occupé à vider le coffre de l'influent Walter Sullivan,
	 il est témoin d'un meurtre sadique impliquant le Président des Etats-Unis et les services
	 secrets. Soupçonné par la police d'en être l'auteur, il se retrouve également traqué par les
	 tueurs, qui ont compris qu'ils ont été observés.</summary>
    <country>USA</country>
    <version>1</version>
	<director  id='20' >
	</director>
	<actor  id='20' >
	    <role>Luther Whitney</role>
	</actor>
	<actor  id='21' >
	    <role>Le président Richmond</role>
	</actor>
	<actor  id='69' >
	    <role>Seth Frank</role>
	</actor>

  </movie>
  <movie>
    <title>Le gendarme et les extra-terrestres</title>
    <year>1978</year>
    <genre>Comédie</genre>
    <summary>En anglais: Gendarme and the Creatures from Outer Space !
	</summary>
    <country>FR</country>
    <version>1</version>
	<director  id='71' >
	</director>
	<actor  id='72' >
	    <role>Inspecteur Cruchot</role>
	</actor>
	<actor  id='73' >
	    <role>Adjudant Gerber</role>
	</actor>

  </movie>
  <movie>
    <title>Le monde perdu</title>
    <year>1997</year>
    <genre>Horreur</genre>
    <country>USA</country>
    <version>1</version>
	<director  id='45' >
	</director>
	<actor  id='57' >
	    <role>Dr. Ian Malcolm</role>
	</actor>

  </movie>
  <movie>
    <title>Rain Man</title>
    <year>1988</year>
    <genre>drama</genre>
    <summary>A la mort de son père, Charlie se voit déposséder de son héritage par un frère dont il ignorait
	 l'existence, Raymond. Celui-ci est autiste et vit dans un hôpital psychiatrique. Charlie enlève
	 Raymond afin de prouver qu'il est capable de s'en occuper et de toucher l'héritage. </summary>
    <country>USA</country>
    <version>1</version>
	<director  id='79' >
	</director>
	<actor  id='65' >
	    <role>Charlie Babbitt</role>
	</actor>
	<actor  id='80' >
	    <role>Raymond Babbitt</role>
	</actor>

  </movie>
  <movie>
    <title>Top Gun</title>
    <year>1986</year>
    <genre>Action</genre>
    <summary>
	 Pilote de chasse émérite mais casse-cou Maverick Mitchell est admis à Top Gun, l'école de
	 l'élite de l'aéronavale. Son manque de prudence lui attire les foudres de ses supérieurs et la
	 haine de certains coéquipiers. Il perd subitement la foi et confiance en lui quand son ami de
	 toujours meurt en vol et qu'il s'en croit responsable... </summary>
    <country>USA</country>
    <version>1</version>
	<director  id='81' >
	</director>
	<actor  id='53' >
	    <role>Iceman</role>
	</actor>
	<actor  id='65' >
	    <role>Lt. Pete 'Maverick' Mitchell</role>
	</actor>
	<actor  id='82' >
	    <role>Charlotte Blackwood</role>
	</actor>

  </movie>
  <movie>
    <title>Les bronzés font du ski</title>
    <year>1979</year>
    <genre>Comédie</genre>
    <summary>Apres avoir passe des vacances d'ete ensemble, Bernard, Nathalie, Gigi, Jerome, Popeye,
	 Jean-Claude et Christiane se retrouvent aux sports d'hiver. Tous ont leurs problemes de coeur
	 ou d'argent, mais il faut bien vivre avec. Avant de se separer, se perdre dans la montagne leur
	 permet de gouter aux joies de la &quot;vraie vie&quot; paysanne... </summary>
    <country>FR</country>
    <version>1</version>
	<director  id='83' >
	</director>
	<actor  id='75' >
	    <role>Nathalie Morin</role>
	</actor>
	<actor  id='76' >
	    <role>Christiane</role>
	</actor>
	<actor  id='84' >
	    <role>Jean-Claude Dus</role>
	</actor>
	<actor  id='85' >
	    <role>Jérôme</role>
	</actor>
	<actor  id='86' >
	    <role>Popeye</role>
	</actor>

  </movie>
  <movie>
    <title>Le bon, la brute et le truand</title>
    <year>1966</year>
    <genre>Western</genre>
    <summary>Pendant la Guerre de Sécession, trois hommes, préférant s'intéresser à leur profit personnel, se lancent à la recherche d'un coffre contenant 200 000 dollars en pièces d'or volés à l'armée sudiste. Tuco sait que le trésor se trouve dans un cimetière, tandis que Joe connaît le last_name inscrit sur la pierre tombale qui sert de cache. Chacun a besoin de l'autre. Mais un troisième homme entre dans la course : Setenza, une brute qui n'hésite pas à massacrer femmes et enfants pour parvenir à ses fins.</summary>
    <country>IT</country>
    <version>1</version>
	<director  id='219' >
	</director>
	<actor  id='20' >
	</actor>

  </movie>
  <movie>
    <title>Psychose</title>
    <year>1960</year>
    <genre>Thriller</genre>
    <summary>Après avoir volé 40 000 dollars, Marion Crane se rend dans un motel tenu par Norman Bates. Elle est
	 poignardée sous sa douche par une femme. Norman fait disparaitre le corps et les affaires de la jeune
	 femme. Mais Sam, le fiancé de Marion, inquiet de ne pas avoir de nouvelles, engage un détective pour la
	 retrouver... </summary>
    <country>USA</country>
    <version>1</version>
	<director  id='3' >
	</director>
	<actor  id='88' >
	    <role>Bates</role>
	</actor>
	<actor  id='89' >
	    <role>Lila Crane</role>
	</actor>
	<actor  id='90' >
	    <role>Marion Crane</role>
	</actor>

  </movie>
  <movie>
    <title>Le retour du Jedi</title>
    <year>1983</year>
    <genre>Science-fiction</genre>
    <summary>Luke Skywalker s'introduit chez Jabba pour delivrer Han Solo et la princesse Leia, tandis que l'Empire
	 reconstruit une deuxieme &quot;Etoile de la Mort&quot;. Luke se rend ensuite au chevet de Yoda qui est mourant. Il lui
	 apprend que Leia est sa soeur. Luke forme un commando pour attaquer l'Etoile, tandis qu'il affronte son
	 pere, Darth Vador... </summary>
    <country>USA</country>
    <version>1</version>
	<director  id='91' >
	</director>
	<actor  id='24' >
	    <role>Han Solo</role>
	</actor>
	<actor  id='92' >
	    <role>Luke Skywalker</role>
	</actor>
	<actor  id='93' >
	    <role>Princesse Leia</role>
	</actor>

  </movie>
  <movie>
    <title>Les oiseaux</title>
    <year>1963</year>
    <genre>Horreur</genre>
    <summary>Melanie Daniels se rend à Bodega Bay pour offrir deux perruches en cage à Cathy, la soeur de l'avocat
	 Mitch Brenner. Attaquée par une mouette, Melanie reste chez les Brenner pour la nuit. Mais d'autres
	 évènements étranges se produisent: des enfants sont blessés par des corbeaux et la maison de Mitch est
	 envahie par des milliers d'oiseaux. </summary>
    <country>USA</country>
    <version>1</version>
	<director  id='3' >
	</director>
	<actor  id='94' >
	    <role>Mitch Brenner</role>
	</actor>
	<actor  id='95' >
	    <role>Melanie Daniels</role>
	</actor>

  </movie>
  <movie>
    <title>Reservoir dogs</title>
    <year>1992</year>
    <genre>crime</genre>
    <summary>Après un hold-up manqué, des cambrioleurs de haut vol font leurs comptes dans une confrontation violente, pour découvrir lequel d'entre eux les a trahis.
	
	
	
	
	 Voleurs de profession, Joe Cabot et son fils Eddie engagent un groupe de six criminels pour le cambriolage
	 d'un diamantaire. Malgré toutes les précautions prises, la police est sur place le jour J, et l'opération se
	 solde par un massacre. Les survivants du gang se réunissent pour règler leurs comptes, chacun
	 soupçonnant l'autre d'avoir trahi. </summary>
    <country>USA</country>
    <version>1</version>
	<director  id='37' >
	</director>
	<actor  id='37' >
	    <role>Mr. Brown</role>
	</actor>
	<actor  id='98' >
	    <role>Mr. White/Larry</role>
	</actor>
	<actor  id='99' >
	    <role>Freddy Newendyke/Mr. Orange</role>
	</actor>
	<actor  id='100' >
	    <role>Nice Guy Eddie</role>
	</actor>
	<actor  id='215' >
	    <role>Mr Blonde</role>
	</actor>
	<actor  id='217' >
	    <role>Mr Pink</role>
	</actor>
	<actor  id='218' >
	    <role>Mr Blue</role>
	</actor>

  </movie>
  <movie>
    <title>Eyes Wide Shut</title>
    <year>1999</year>
    <genre>Thriller</genre>
    <summary>Un couple de bourgeois, cédant à la jalousie et à l'obsession sexuelle, entreprend un voyage psychologique
	 à la recherche de son identité. Le mari, au bout de son périple nocturne, revenu de ses désirs, ne trouvera
	 finalement auprès de son épouse qu'un compromis banal mais complice, les yeux ouverts à tout jamais sur
	 un rêve impossible. </summary>
    <country>USA</country>
    <version>1</version>
	<director  id='101' >
	</director>
	<actor  id='65' >
	    <role>Docteur William &quot;Bill&quot; Harford</role>
	</actor>
	<actor  id='102' >
	    <role>Alice Harford</role>
	</actor>

  </movie>
  <movie>
    <title>Shining</title>
    <year>1980</year>
    <genre>Horreur</genre>
    <summary>Jack Torrance s'installe avec sa femme et son fils Danny dans un hôtel fermé à la morte saison afin d'écrire
	 un roman. Il apprend que le gardien précédent a tué sa femme et ses deux filles avant de se suicider. Très
	 vite, Jack va s'apercevoir que des choses étranges se passent autour de lui et que son fils a des pouvoirs
	 extrasensoriels... </summary>
    <country>FR</country>
    <version>1</version>
	<director  id='101' >
	</director>
	<actor  id='103' >
	    <role>Jack Torrance</role>
	</actor>

  </movie>
  <movie>
    <title>Pas de printemps pour Marnie</title>
    <year>1964</year>
    <genre>Thriller</genre>
    <summary>Marnie est engagée comme secrétaire chez un editeur, Mark Rutland. Celui-ci amoureux d'elle, découvre
	 qu'elle est kleptomane et l'oblige à l'épouser en la menaçant de la dénoncer. En s'apercevant que Marnie a
	 la phobie de la cou leur rouge, Mark tente de remonter dans le passé de la jeune femme afin de comprendre
	 les raisons de sa névrose. </summary>
    <country>USA</country>
    <version>1</version>
	<director  id='3' >
	</director>
	<actor  id='35' >
	    <role>
                       Mark R</role>
	</actor>
	<actor  id='95' >
	    <role>Marnie Edgar</role>
	</actor>

  </movie>
  <movie>
    <title>Fenêtre sur cour</title>
    <year>1954</year>
    <genre>Suspense</genre>
    <summary>En repos forcé à cause d'une jambe plâtrée, le reporter L.B. Jefferies observe au téléobjectif les voisins de
	 l'immeuble d'en face. C'est ainsi qu'il remarque le curieux manège d'un représentant de commerce, M.
	 Thorwald, qu'il soupconne très vite d'avoir assassiné sa femme... </summary>
    <country>USA</country>
    <version>1</version>
	<director  id='3' >
	</director>

  </movie>
  <movie>
    <title>La mort aux trousses</title>
    <year>1959</year>
    <genre>Suspense</genre>
    <summary>Roger Thornhill, publiciste, est pris dans le hall de son hôtel pour un certain Kaplan, un espion. Deux
	 hommes tentent de le tuer et quand il retrouve l'un de ses agresseurs, celui-ci est assassiné devant ses
	 yeux. Pris pour un meurtrier, il est obligé de fuir vers Chicago... </summary>
    <country>USA</country>
    <version>1</version>
	<director  id='3' >
	</director>
	<actor  id='105' >
	    <role>Roger O. Thornhill</role>
	</actor>
	<actor  id='106' >
	    <role>Eve Kendall</role>
	</actor>
	<actor  id='107' >
	    <role>Philipp Vandamm</role>
	</actor>

  </movie>
  <movie>
    <title>Jeanne d'Arc</title>
    <year>1999</year>
    <genre>Guerre</genre>
    <country>FR</country>
    <version>1</version>
	<director  id='111' >
	</director>
	<actor  id='80' >
	</actor>
	<actor  id='112' >
	    <role>Jeanne d'Arc</role>
	</actor>
	<actor  id='113' >
	    <role>Yolande d'Aragon</role>
	</actor>
	<actor  id='114' >
	    <role>Charles VII</role>
	</actor>
	<actor  id='115' >
	    <role>Dunois</role>
	</actor>

  </movie>
  <movie>
    <title>Le cinquième élément</title>
    <year>1997</year>
    <genre>Science-fiction</genre>
    <summary>Au XXIIIème siècle, dans un univers étrange et coloré, où tout espoir de survie est impossible sans la
	 découverte du Cinquième Elément, un héros peu ordinaire affronte le mal pour sauver l'humanité. </summary>
    <country>FR</country>
    <version>1</version>
	<director  id='111' >
	</director>
	<actor  id='27' >
	    <role>Major Korben Dalla</role>
	</actor>
	<actor  id='112' >
	    <role>Leeloo</role>
	</actor>
	<actor  id='116' >
	    <role>Jean-Baptiste Emmanuel Zorg</role>
	</actor>
	<actor  id='117' >
	    <role>Vito Cornelius</role>
	</actor>

  </movie>
  <movie>
    <title>Léon</title>
    <year>1994</year>
    <genre>Action</genre>
    <summary>&quot;Léon est un tueur. Un de la pire espèce. Il est introuvable, indétectable, pire qu'un sous-marin. Son ombre
	 est comme une menace de danger permanent sur New York. Indestructible Léon ? Oui, jusqu'à ce qu'une
	 petite souris pénètre son univers. Une toute petite souris aux yeux immenses...&quot; </summary>
    <country>FR</country>
    <version>1</version>
	<director  id='111' >
	</director>
	<actor  id='60' >
	    <role>Léon</role>
	</actor>
	<actor  id='116' >
	    <role>Norman Stansfield</role>
	</actor>
	<actor  id='118' >
	    <role>Mathilda</role>
	</actor>

  </movie>
  <movie>
    <title>Nikita</title>
    <year>1990</year>
    <genre>Thriller</genre>
    <summary>Nikita, droguée et violente, est prise en mains par des psychiatres qui la rééduquent, la conditionnent, afin
	 d'en faire une tueuse à la botte des Services Secrets. Plus tard, réalisant ce qu'elle est devenue, un pion
	 sans vie privée que l'on manipule, elle tente d'échapper à ses commanditaires. </summary>
    <country>FR</country>
    <version>1</version>
	<director  id='111' >
	</director>
	<actor  id='115' >
	    <role>Bob</role>
	</actor>
	<actor  id='119' >
	    <role>Nikita</role>
	</actor>
	<actor  id='120' >
	    <role>Marco</role>
	</actor>

  </movie>
  <movie>
    <title>Le grand bleu</title>
    <year>1988</year>
    <genre>drama</genre>
    <summary>Jacques Mayol et Enzo Molinari se connaissent depuis l'enfance. Tous deux experts en apnée, s'affrontent
	 continuellement pour obtenir le record du monde de plongée. Toujours en rivalité, les deux hommes
	 descendent de plus en plus profond, au risque de leurs vies. Le film est ressorti en janvier 89 en version
	 longue d'une durée de 2h40. </summary>
    <country>FR</country>
    <version>1</version>
	<director  id='111' >
	</director>
	<actor  id='39' >
	    <role>Johanna</role>
	</actor>
	<actor  id='60' >
	    <role>Enzo Molinari</role>
	</actor>
	<actor  id='121' >
	    <role>Jacques Mayol</role>
	</actor>

  </movie>
  <movie>
    <title>Spider-Man</title>
    <year>2002</year>
    <genre>Action</genre>
    <summary>Orphelin, Peter Parker est élevé par sa tante May et son oncle Ben dans le quartier Queens de New York. Tout en poursuivant ses études à l'université, il trouve un emploi de photographe au journal Daily Bugle. Il partage son appartement avec Harry Osborn, son meilleur ami, et rêve de séduire la belle Mary Jane.
	Cependant, après avoir été mordu par une araignée génétiquement modifiée, Peter voit son agilité et sa force s'accroître et se découvre des pouvoirs surnaturels. Devenu Spider-Man, il décide d'utiliser ses nouvelles capacités au service du bien.
	Au même moment, le père de Harry, le richissime industriel Norman Osborn, est victime d'un accident chimique qui a démesurément augmenté ses facultés intellectuelles et sa force, mais l'a rendu fou. Il est devenu le Bouffon Vert, une créature démoniaque qui menace la ville. Entre lui et Spider-Man, une lutte sans merci s'engage.</summary>
    <country>USA</country>
    <version>1</version>
	<director  id='187' >
	</director>
	<actor  id='124' >
	    <role>Spider-Man</role>
	</actor>
	<actor  id='125' >
	    <role>Norman Osborn</role>
	</actor>
	<actor  id='126' >
	    <role>Mary Jane Watson</role>
	</actor>
	<actor  id='127' >
	    <role>Oncle Ben</role>
	</actor>
	<actor  id='128' >
	    <role>Tante May</role>
	</actor>

  </movie>
  <movie>
    <title>King of New York</title>
    <year>1990</year>
    <genre>drama</genre>
    <summary>L'histoire d'un gangster au grand coeur mais aux méthodes définitives, surlast_namemé par le presse The King of New York et qui rêve de fonder un hôpital, confronté a des policiers opiniâtres qui ont juré de l'abattre...</summary>
    <country>USA</country>
    <version>1</version>
	<director  id='122' >
	</director>
	<actor  id='63' >
	    <role>Jimmy Jump</role>
	</actor>
	<actor  id='97' >
	    <role>Frank White</role>
	</actor>
	<actor  id='124' >
	    <role>Thomas Flanigan</role>
	</actor>
	<actor  id='131' >
	    <role>Dennis Gilley</role>
	</actor>
	<actor  id='132' >
	    <role>Thomas Flanigan</role>
	</actor>
	<actor  id='217' >
	    <role>Test tube</role>
	</actor>

  </movie>
  <movie>
    <title>The Matrix reloaded</title>
    <year>2003</year>
    <genre>Science-fiction</genre>
    <summary>Neo apprend à mieux contrôler ses dons naturels, alors même que Sion s'apprête à tomber sous l'assaut de l'Armée des Machines. D'ici quelques heures, 250 000 Sentinelles programmées pour anéantir notre espèce envahiront la dernière enclave humaine de la Terre.
	Mais Morpheus galvanise les citoyens de Sion en leur rappelant la Parole de l'Oracle : il est encore temps pour l'Elu d'arrêter la guerre contre les Machines. Tous les espoirs se reportent dès lors sur Neo. Au long de sa périlleuse plongée au sein de la Matrix et de sa propre destinée, ce dernier sera confronté à une résistance croissante, une vérité encore plus aveuglante, un choix encore plus douloureux que tout ce qu'il avait jamais imaginé.</summary>
    <country>USA</country>
    <version>1</version>
	<director  id='61' >
	</director>
	<actor  id='62' >
	    <role>Neo</role>
	</actor>
	<actor  id='63' >
	    <role>Morpheus</role>
	</actor>
	<actor  id='210' >
	    <role>Trinity</role>
	</actor>
	<actor  id='211' >
	    <role>Agent Smith</role>
	</actor>

  </movie>
  <movie>
    <title>The Matrix Revolutions</title>
    <year>2003</year>
    <genre>Science-fiction</genre>
    <summary>La longue quête de liberté des rebelles culmine en une bataille finale explosive. Tandis que l'armée des Machines sème la désolation sur Zion, ses citoyens organisent une défense acharnée. Mais pourront-ils retenir les nuées implacables des Sentinelles en attendant que Neo s'approprie l'ensemble de ses pouvoirs et mette fin à la guerre ?
	L'agent Smith est quant à lui parvenu à prendre possession de l'esprit de Bane, l'un des membres de l'équipage de l'aéroglisseur. De plus en plus puissant, il est désormais incontrôlable et n'obéit plus aux Machines : il menace de détruire leur empire ainsi que le monde réel et la Matrice...
	
		</summary>
    <country>USA</country>
    <version>1</version>
	<director  id='135' >
	</director>
	<actor  id='62' >
	    <role>Neo</role>
	</actor>
	<actor  id='63' >
	    <role>Morpheus</role>
	</actor>
	<actor  id='134' >
	    <role>Agent Smith</role>
	</actor>
	<actor  id='136' >
	    <role>Trinity</role>
	</actor>
	<actor  id='137' >
	    <role>L'Oracle</role>
	</actor>

  </movie>
  <movie>
    <title>De bruit et de fureur</title>
    <year>1988</year>
    <genre>drama</genre>
    <summary>L'histoire de Bruno, enfant attardé des banlieues et des H.L.M., plongé dans la violence de son milieu, et dont la vie va se consumer comme une étoile filante.</summary>
    <country>FR</country>
    <version>1</version>
	<director  id='138' >
	</director>
	<actor  id='139' >
	    <role>Marcel</role>
	</actor>
	<actor  id='140' >
	    <role>Enseignante</role>
	</actor>
	<actor  id='141' >
	    <role>Bruno</role>
	</actor>

  </movie>
  <movie>
    <title>Usual suspects</title>
    <year>1995</year>
    <genre>Thriller</genre>
    <summary>Une légende du crime contraint cinq malfrats à aller s'aquitter d'une tâche très périlleuse. Ceux qui survivent pourront se partager un butin de 90 millions de dollars.</summary>
    <country>USA</country>
    <version>1</version>
	<director  id='142' >
	</director>
	<actor  id='18' >
	    <role>Roger &quot;Verbal&quot; Kint</role>
	</actor>
	<actor  id='143' >
	    <role>Micheal McManus</role>
	</actor>
	<actor  id='144' >
	    <role>Dean Keaton</role>
	</actor>
	<actor  id='145' >
	    <role>Fred Fenster</role>
	</actor>
	<actor  id='146' >
	    <role>Todd Hockney</role>
	</actor>

  </movie>
  <movie>
    <title>Bad Lieutenant</title>
    <year>1992</year>
    <genre>drama</genre>
    <summary>La descente aux enfers d'un flic pourri qui enquete sur le viol d'une jolie religieuse.</summary>
    <country>USA</country>
    <version>1</version>
	<director  id='122' >
	</director>
	<actor  id='98' >
	    <role>Le lieutenant</role>
	</actor>

  </movie>
  <movie>
    <title>Le parrain</title>
    <year>1972</year>
    <genre>drama</genre>
    <summary>En 1945, à New York, les Corleone sont une des cinq familles de la mafia. Don Vito Corleone, &quot; parrain &quot; de cette famille, marie sa fille à un bookmaker. Sollozzo, &quot; parrain &quot; de la famille Tattaglia, propose à Don Vito une association dans le trafic de drogue, mais celui-ci refuse. Sonny, un de ses fils, y est quant à lui favorable.
	Afin de traiter avec Sonny, Sollozzo tente de faire tuer Don Vito, mais celui-ci en réchappe. Michael, le frère cadet de Sonny, recherche alors les commanditaires de l'attentat et tue Sollozzo et le chef de la police, en représailles.
	Michael part alors en Sicile, où il épouse Apollonia, mais celle-ci est assassinée à sa place. De retour à New York, Michael épouse Kay Adams et se prépare à devenir le successeur de son père...</summary>
    <country>USA</country>
	<director  id='181' >
	</director>
	<actor  id='137' >
	    <role>Sonny Corleone</role>
	</actor>
	<actor  id='155' >
	    <role>Capt. McCluskey</role>
	</actor>
	<actor  id='176' >
	    <role>Michael Corleone</role>
	</actor>
	<actor  id='182' >
	    <role>Do Vito Corleone</role>
	</actor>
	<actor  id='183' >
	    <role>Kay Adams</role>
	</actor>
	<actor  id='184' >
	    <role>Tom Hagen</role>
	</actor>

  </movie>
  <movie>
    <title>Le parrain II</title>
    <year>1974</year>
    <genre>drama</genre>
    <summary>A la mort de Vito Corleone, dit &quot;le Parrain&quot;, c'est son fils, Michael, qui reprend les affaires familiales. Très vite, son ascension dans le milieu mafiosi est fulgurante.
	
	Depuis la mort De Don Vito Corleone, son fils, Michael, règne sur la famille. Amené à négocier avec la mafia juive, il perd alors le soutien d'un de ses lieutenants, Frankie Pentageli. Echappant de justesse à un attentat, Michael tente de retrouver le coupable, soupçonnant Hyman Roth, le chef de la mafia juive.
	Vito Corleone, immigrant italien, arrive à New York au début du siècle ; très vite, il devient un des caïds du quartier, utilisant la violence comme moyen de régler toutes les affaires. Seul au départ, il bâtit peu à peu un véritable empire, origine de la fortune de la famille des Corleone.
		</summary>
    <country>USA</country>
	<director  id='181' >
	</director>
	<actor  id='167' >
	    <role>Don Vito Corleone</role>
	</actor>
	<actor  id='176' >
	    <role>Michael Corleone</role>
	</actor>
	<actor  id='183' >
	    <role>Kay Adams</role>
	</actor>
	<actor  id='184' >
	    <role>Tom Hagen</role>
	</actor>

  </movie>
  <movie>
    <title>Le parrain III</title>
    <year>1990</year>
    <genre>drama</genre>
    <summary>Atteignant la soixantaine, Michael Corleone désire à la fois renouer avec les siens et se réhabiliter aux yeux de la société, surtout de l'Eglise. Il arrivera presque a ses fins, mais sa vie passée et ses anciens ennemis le rattraperont plus vite.
	
	Michael Corleone est fatigué. Il veut prendre ses distances avec les activités mafieuses de sa famille. Il veut convertir ces activités en affaires légales. Kay, son ex-femme, lui fait même accepter que leur fils devienne un chanteur d'opéra et ne reprenne pas les activités familiales.
	Pendant ce temps, la fille de Michael, Mary, et son neveu, le fils de Sonny, Vincent, nouent une idylle qui n'est pas la bienvenue dans la famille.
	Il décide d'aider le Vatican à renflouer ses caisses et reçoit en échange le contrôle d'une entreprise immobilière leur appartenant. Attisant la jalousie de ses pairs, Michael échappe de justesse à un attentat commis par l'un d'eux. Vincent se propose alors pour reprendre les affaires de la famille en main.</summary>
    <country>USA</country>
	<director  id='181' >
	</director>
	<actor  id='1' >
	    <role>Mary Corleone</role>
	</actor>
	<actor  id='176' >
	    <role>Michael Corleone</role>
	</actor>
	<actor  id='183' >
	    <role>Kay Adams</role>
	</actor>
	<actor  id='186' >
	    <role>Vincent Mancini</role>
	</actor>

  </movie>
  <movie>
    <title>Jackie Brown</title>
    <year>1997</year>
    <genre>crime</genre>
    <summary>Jackie Brown, hôtesse de l'air, arrondit ses fins de mois en convoyant de l'argent liquide pour le compte d'un trafiquant d'armes, Ordell Robbie. Un jour, un agent federal et un policier de Los Angeles la cueillent à l'aéroport. Ils comptent sur elle pour faire tomber le trafiquant. Jackie échafaude alors un plan audacieux pour doubler tout le monde lors d'un prochain transfert qui porte sur la modeste somme de cinq cent mille dollars. Mais il lui faudra compter avec les complices d'Ordell, qui ont des méthodes plutôt expéditives.</summary>
    <country>USA</country>
    <version>1</version>
	<director  id='37' >
	</director>
	<actor  id='167' >
	    <role>Luis Gara</role>
	</actor>
	<actor  id='168' >
	    <role>Jackie Brown</role>
	</actor>
	<actor  id='169' >
	    <role>Melanie</role>
	</actor>
	<actor  id='170' >
	    <role>Ray Nicolette</role>
	</actor>
	<actor  id='212' >
	    <role>Ordell Robbie</role>
	</actor>

  </movie>
  <movie>
    <title>Une journée en enfer</title>
    <year>1995</year>
    <genre>Action</genre>
    <summary>John McClane est cette fois-ci aux prises avec un maître chanteur, facétieux et dangereux, qui dépose des bombes dans New York.</summary>
    <country>USA</country>
    <version>1</version>
	<director  id='168' >
	</director>
	<actor  id='27' >
	    <role>McClane</role>
	</actor>
	<actor  id='38' >
	    <role>Zeus Carver</role>
	</actor>
	<actor  id='169' >
	    <role>Simon Gruber</role>
	</actor>

  </movie>
  <movie>
    <title>Sixième sens</title>
    <year>1999</year>
    <genre>Fantastique</genre>
    <summary>Cole Sear, garconnet de huit ans est hanté par un terrible secret. Son imaginaire est visité par des esprits menacants. Trop jeune pour comprendre le pourquoi de ces apparitions et traumatisé par ces pouvoirs paranormaux, Cole s'enferme dans une peur maladive et ne veut reveler à personne la cause de son enfermement, à l'exception d'un psychologue pour enfants. La recherche d'une explication rationnelle guidera l'enfant et le thérapeute vers une vérité foudroyante et inexplicable.</summary>
    <country>USA</country>
	<director  id='170' >
	</director>
	<actor  id='27' >
	    <role>Malcom Crowe</role>
	</actor>
	<actor  id='171' >
	    <role>Cole Sear</role>
	</actor>

  </movie>
  <movie>
    <title>Lost in Translation</title>
    <year>2003</year>
    <genre>romance</genre>
    <summary>Bob Harris, acteur sur le déclin, se rend à Tokyo pour touner un spot publicitaire. Il a conscience qu'il se trompe - il devrait être chez lui avec sa famille, jouer au théâtre ou encore chercher un rôle dans un film -, mais il a besoin d'argent.
	Du haut de son hôtel de luxe, il contemple la ville, mais ne voit rien. Il est ailleurs, détaché de tout, incapable de s'intégrer à la réalité qui l'entoure, incapable également de dormir à cause du décalage horaire.
	Dans ce même établissement, Charlotte, une jeune Américaine fraîchement diplômée, accompagne son mari, photographe de mode. Ce dernier semble s'intéresser davantage à son travail qu'à sa femme. Se sentant délaissée, Charlotte cherche un peu d'attention. Elle va en trouver auprès de Bob...</summary>
    <country>USA</country>
    <version>1</version>
	<director  id='172' >
	</director>
	<actor  id='173' >
	    <role>Bob Harris</role>
	</actor>
	<actor  id='174' >
	    <role>Charlotte</role>
	</actor>
	<actor  id='175' >
	    <role>John</role>
	</actor>
	<actor  id='176' >
	    <role>Kelly</role>
	</actor>
	<actor  id='177' >
	    <role>Patron Nightclub</role>
	</actor>

  </movie>
  <movie>
    <title>Kill Bill</title>
    <year>2003</year>
    <genre>drama</genre>
    <summary>Au cours d'une cérémonie de mariage en plein désert, un commando fait irruption dans la chapelle et tire sur les convives. Laissée pour morte, la Mariée enceinte retrouve ses esprits après un coma de quatre ans.
	Celle qui a auparavant exercé les fonctions de tueuse à gages au sein du Détachement International des Vipères Assassines n'a alors plus qu'une seule idée en tête : venger la mort de ses proches en éliminant tous les membres de l'organisation criminelle, dont leur chef Bill qu'elle se réserve pour la fin.</summary>
    <country>USA</country>
    <version>1</version>
	<director  id='37' >
	</director>
	<actor  id='40' >
	    <role>La mariée, alias &quot;Black Mamba&quot;</role>
	</actor>
	<actor  id='213' >
	    <role>O-Ren Ishii</role>
	</actor>
	<actor  id='214' >
	    <role>Bill</role>
	</actor>
	<actor  id='215' >
	    <role>Budd / Sidewinder</role>
	</actor>
	<actor  id='216' >
	    <role>Elle Driver</role>
	</actor>

  </movie>
  <movie>
    <title>Stalingrad</title>
    <year>2001</year>
    <genre>drama</genre>
    <country>USA</country>
    <version>1</version>
	<director  id='34' >
	</director>
	<actor  id='182' >
	    <role>Vassili Zaïtzev</role>
	</actor>
	<actor  id='183' >
	    <role>major König</role>
	</actor>

  </movie>
  <movie>
    <title>Million Dollar Baby</title>
    <year>2005</year>
    <genre>drama</genre>
    <summary>Une histoire d'amour tragique et platonique entre une boxeuse et un vieil entraîneur de trente ans son aîné.</summary>
    <country>USA</country>
    <version>1</version>
	<director  id='20' >
	</director>
	<actor  id='20' >
	    <role>Frankie Dunn</role>
	</actor>
	<actor  id='22' >
	    <role>Eddie Scrap-Iron Dupris</role>
	</actor>
	<actor  id='224' >
	    <role>Maggie Fitzerald</role>
	</actor>

  </movie>
  <movie>
    <title>Pour quelques dollars de plus</title>
    <year>1965</year>
    <genre>Western</genre>
    <summary>Le colonel Douglas Mortimer collabore avec un chasseur de primes surlast_namemé L'&quot;Etranger&quot;. Tous les deux souhaitent capturer Indio, un tueur fou, qui sème la terreur autour de lui. Ce dernier et ses hommes sont sur le point de piller la banque d'El Paso.</summary>
    <country>IT</country>
    <version>1</version>
	<director  id='219' >
	</director>

  </movie>
  <movie>
    <title>Marie Antoinette</title>
    <year>2006</year>
    <genre>drama</genre>
    <summary>Based on Antonia Fraser's book about the ill-fated 
		Archduchess of Austria and later Queen of France, 
		'Marie Antoinette' tells the story of the most 
		misunderstood and abused woman in history, from 
		her birth in Imperial Austria to her later life in 
		France. </summary>
    <country>USA</country>
    <version>1</version>
	<director  id='1' >
	</director>
	<actor  id='2' >
	    <role>Marie Antoinette</role>
	</actor>

  </movie>
  <movie>
    <title>Soleil vert</title>
    <year>1973</year>
    <genre>Science-fiction</genre>
    <summary>L'action du film se déroule en l'an 2022 à New York qui est devenue une mégapole de 44 millions d'habitants. Il règne en permanence une température élevée, soit plus de 30 °C. L'eau est rare. La faune et la flore ont quasiment disparu. La nourriture issue de l'agriculture également. La plupart des habitants n'ont pas les moyens d'acheter des aliments naturels, les prix étant exorbitants. Ils en sont réduits à manger des produits de synthèse, fournis par la multinationale « Soylent », des tablettes de forme carrée, jaunes, rouges ou bleues. Un nouvel aliment vient d'être lancé, le soylent green, beaucoup plus nutritif, cher et disponible uniquement le mardi : ce jour-là, des émeutes de citoyens affamés ne sont pas rares et sont sévèrement réprimées.
	Thorn, un policier « de premier ordre », vit avec son ami Sol Roth, un vieux juif lettré, dans un petit appartement délabré et surpeuplé. Sol peste contre l'état du monde et a la nostalgie du passé tandis que Thorn se contente des seules choses qu'il a connues, à savoir la nourriture synthétique et la canicule perpétuelle.
	Dans le même temps, William Simonson, un des dirigeants de la société agroalimentaire Soylent, est exécuté dans son appartement situé dans une tour sécurisée des beaux quartiers de Chelsea ; Thorn est chargé de l'enquête et va découvrir que cette affaire, rapidement étiquetée comme étant un crime crapuleux, se révèle être en fait un assassinat visant à empêcher Simonson de révéler un terrible secret. Thorn comprend que Tab Fielding, le garde du corps du dirigeant, est complice car il était, comme par hasard, absent au moment du meurtre et que le système de sécurité était en panne. Thorn ramène chez lui divers objets dont des aliments frais, de la viande et du bourbon, qu'il a dérobé chez la victime, et les partage avec Sol. Poursuivant son enquête, Thorn revient dans l'appartement, noue une relation avec la « compagne » de Simonson, ayant le statut de simple « meuble » et dont le prochain locataire disposera.
	Puis Thorn découvre que Tab Fielding est propriétaire d'un bel appartement et qu'il a les moyens d'acheter de la nourriture naturelle, telle que de la confiture aux fraises : les soupçons du policier se confirment donc et il refuse de clôturer l'enquête. Thorn se révélant trop curieux, Donovan, l'homme chargé de la sécurité et qui travaille pour Santini, le gouverneur, décide de le supprimer par l'intermédiaire de son tueur à gage, Gilbert, l'exécuteur de Simonson.
	Profitant d'une émeute due à l'épuisement des stocks de soylent green, Gilbert tente de tuer Thorn en lui tirant dessus mais échoue par deux fois, tant la foule est dense. Thorn finit par maîtriser Gilbert et l'envoie bouler sous une « dégageuse » (scoop), sorte de camion-benne tractopelle ramassant les émeutiers afin de canaliser l'émeute.
	Pendant ce temps, Sol se rend à l'Échange, bibliothèque où se réunissent des gens instruits, sorte de comité de sage consultatif pouvant émettre un avis auprès d'instances internationales. Sol leur montre les deux rapports d'activité de la société Soylent que Thorn avait découvert chez Simonson. Face aux conclusions du comité, horrifié et désemparé, Sol comprend pourquoi Simonson a été assassiné : il décide alors d'aller au Foyer, endroit où l'on se fait euthanasier. Thorn arrive trop tard pour l'en empêcher mais réussit à assister aux dernières minutes de son ami : sur un immense écran, Thorn voit défiler les images de ce qu'était la Terre autrefois, des paysages magnifiques, la vie sauvage, la beauté de la nature. Avant de mourir, Sol lui demande de trouver la preuve que la société Soylent n'est pas ce qu'elle prétend être.
	Thorn se glisse dans l'un des camions bennes emmenant les cadavres à l'extérieur de la ville vers un crematorium et découvre, en explorant les locaux de l'usine, que le soylent green est en réalité fabriqué à partir des cadavres euthanasiés : cet aliment est, selon le discours officiel, censé être fabriqué à partir de plancton. En réalité, même les océans sont devenus stériles et l'anthropophagie est désormais intégrée au système alimentaire humain.
	Pourchassé par les tueurs au service du gouverneur Santini, dont Tab Fielding, Thorn finit par être sévèrement blessé. Quand son supérieur arrive à sa rescousse, Thorn se met à hurler que le « soylent green est fabriqué avec des gens qui servent de bétails ». Il supplie son supérieur de tout révéler.</summary>
    <country>USA</country>
	<director  id='7' >
	</director>
	<actor  id='8' >
	    <role>sol</role>
	</actor>

  </movie>
  <movie>
    <title>Heat</title>
    <year>1995</year>
    <genre>crime</genre>
    <summary>La bande de Neil McCauley à laquelle est venu se greffer Waingro, une nouvelle recrue, attaque un fourgon blindé pour s'emparer d'une somme importante en obligations. Cependant, ce dernier tue froidement l'un des convoyeurs et Chris Shiherlis se retrouve obligé de &quot;terminer le travail&quot;. Neil tente d'éliminer Waingro, mais celui-ci parvient à s'échapper. Parallèlement, le lieutenant Vincent Hanna mène l'enquête...</summary>
    <country>USA</country>
	<director  id='175' >
	</director>
	<actor  id='167' >
	</actor>

  </movie>
  <movie>
    <title>Taxi driver</title>
    <year>1976</year>
    <genre>drama</genre>
    <summary>Vétéran de la Guerre du Vietnam, Travis Bickle est chauffeur de taxi dans la ville de New York. Ses rencontres nocturnes et la violence quotidienne dont il est témoin lui font peu à peu perdre la tête. Il se charge bientôt de délivrer une prostituée mineure de ses souteneurs.</summary>
    <country>USA</country>
	<director  id='241' >
	</director>
	<actor  id='51' >
	    <role>1962</role>
	</actor>
	<actor  id='167' >
	    <role>Travis Bickle </role>
	</actor>

  </movie>
  <movie>
    <title>Les affranchis</title>
    <year>1990</year>
    <genre>crime</genre>
    <summary>Depuis sa plus tendre enfance, Henry Hill, né d'un père irlandais et d'une mère sicilienne, veut devenir gangster et appartenir à la Mafia. Adolescent dans les années cinquante, il commence par travailler pour le compte de Paul Cicero et voue une grande admiration pour Jimmy Conway, qui a fait du détournement de camions sa grande spécialité. Lucide et ambitieux, il contribue au casse des entrepôts de l'aéroport d'Idlewild et épouse Karen, une jeune Juive qu'il trompe régulièrement. Mais son implication dans le trafic de drogue le fera plonger...</summary>
    <country>USA</country>
	<director  id='241' >
	</director>
	<actor  id='167' >
	    <role>James Conway</role>
	</actor>
	<actor  id='242' >
	    <role>Henry Hill</role>
	</actor>
	<actor  id='243' >
	    <role>Tommy DeVito</role>
	</actor>
	<actor  id='244' >
	    <role>Karen Hill</role>
	</actor>

  </movie>
  <movie>
    <title>Casino</title>
    <year>1995</year>
    <genre>crime</genre>
    <summary>En 1973, Sam Ace Rothstein est le grand manitou de la ville de toutes les folies, Las Vegas. Il achète et épouse une virtuose de l’arnaque, Ginger Mc Kenna, qui sombre bien vite dans l’alcool et la drogue. Mais un autre ennui guette Sam, son ami d’enfance Nicky Santoro, qui entreprend de mettre la ville en coupe réglée…</summary>
    <country>USA</country>
	<director  id='241' >
	</director>
	<actor  id='167' >
	    <role>Sam 'Ace' Rothstein</role>
	</actor>
	<actor  id='243' >
	    <role> 	Nicky Santoro </role>
	</actor>
	<actor  id='245' >
	    <role>Ginger McKenna</role>
	</actor>

  </movie>
  <movie>
    <title>Casino Royale</title>
    <year>2006</year>
    <genre>Action</genre>
    <summary>Pour sa première mission, James Bond affronte le tout-puissant banquier privé du terrorisme international, Le Chiffre. Pour achever de le ruiner et démanteler le plus grand réseau criminel qui soit, Bond doit le battre lors d'une partie de poker à haut risque au Casino Royale. La très belle Vesper, attachée au Trésor, l'accompagne afin de veiller à ce que l'agent 007 prenne soin de l'argent du gouvernement britannique qui lui sert de mise, mais rien ne va se passer comme prévu.
	Alors que Bond et Vesper s'efforcent d'échapper aux tentatives d'assassinat du Chiffre et de ses hommes, d'autres sentiments surgissent entre eux, ce qui ne fera que les rendre plus vulnérables... </summary>
    <country>USA</country>
	<director  id='246' >
	</director>
	<actor  id='247' >
	    <role>James Bond</role>
	</actor>
	<actor  id='248' >
	    <role>Vesper Lynd</role>
	</actor>

  </movie>
  <movie>
    <title>Skyfall</title>
    <year>1012</year>
    <genre>Action</genre>
    <summary>Lorsque la dernière mission de Bond tourne mal, plusieurs agents infiltrés se retrouvent exposés dans le monde entier. Le MI6 est attaqué, et M est obligée de relocaliser l’Agence. Ces événements ébranlent son autorité, et elle est remise en cause par Mallory, le nouveau président de l’ISC, le comité chargé du renseignement et de la sécurité. Le MI6 est à présent sous le coup d’une double menace, intérieure et extérieure. Il ne reste à M qu’un seul allié de confiance vers qui se tourner : Bond. Plus que jamais, 007 va devoir agir dans l’ombre. Avec l’aide d’Eve, un agent de terrain, il se lance sur la piste du mystérieux Silva, dont il doit identifier coûte que coûte l’objectif secret et mortel… </summary>
    <country>USA</country>
	<director  id='17' >
	</director>
	<actor  id='247' >
	    <role>James Bond</role>
	</actor>
	<actor  id='249' >
	    <role>M</role>
	</actor>
	<actor  id='250' >
	    <role>Silva</role>
	</actor>

  </movie>
  <movie>
    <title>No country for old men</title>
    <year>2007</year>
    <genre>crime</genre>
    <summary>A la frontière qui sépare le Texas du Mexique, les trafiquants de drogue ont depuis longtemps remplacé les voleurs de bétail. Lorsque Llewelyn Moss tombe sur une camionnette abandonnée, cernée de cadavres ensanglantés, il ne sait rien de ce qui a conduit à ce drame. Et quand il prend les deux millions de dollars qu'il découvre à l'intérieur du véhicule, il n'a pas la moindre idée de ce que cela va provoquer...
	Moss a déclenché une réaction en chaîne d'une violence inouïe que le shérif Bell, un homme vieillissant et sans illusions, ne parviendra pas à contenir... </summary>
    <country>USA</country>
	<director  id='251' >
	</director>
	<actor  id='250' >
	    <role>Anton Chigurh</role>
	</actor>
	<actor  id='252' >
	    <role>Ed Tom Bell</role>
	</actor>
	<actor  id='253' >
	    <role>Llewelyn Moss</role>
	</actor>

  </movie>
  <movie>
    <title>Fargo</title>
    <year>1996</year>
    <genre>crime</genre>
    <summary>En plein hiver, Jerry Lundegaard, un vendeur de voitures d'occasion à Minneapolis, a besoin d'un prêt de Wade Gustafson, son riche beau-père. Endetté jusqu'au cou, il fait appel à Carl Showalter et Gaear Grimsrud, deux malfrats, pour qu'ils enlèvent son épouse Jean. Il pourra ainsi partager avec les ravisseurs la rançon que Wade paiera pour la libération de sa fille. Mais les choses ne vont pas se dérouler comme prévu. </summary>
    <country>USA</country>
	<director  id='251' >
	</director>
	<actor  id='217' >
	    <role>Carl Showalter</role>
	</actor>
	<actor  id='254' >
	    <role> Jerry Lundegaard </role>
	</actor>

  </movie>
  <movie>
    <title>Django unchained</title>
    <year>2012</year>
    <genre>Western</genre>
    <summary>Dans le sud des États-Unis, deux ans avant la guerre de Sécession, le Dr King Schultz, un chasseur de primes allemand, fait l’acquisition de Django, un esclave qui peut l’aider à traquer les frères Brittle, les meurtriers qu’il recherche. Schultz promet à Django de lui rendre sa liberté lorsqu’il aura capturé les Brittle – morts ou vifs.
	Alors que les deux hommes pistent les dangereux criminels, Django n’oublie pas que son seul but est de retrouver Broomhilda, sa femme, dont il fut séparé à cause du commerce des esclaves…
	Lorsque Django et Schultz arrivent dans l’immense plantation du puissant Calvin Candie, ils éveillent les soupçons de Stephen, un esclave qui sert Candie et a toute sa confiance. Le moindre de leurs mouvements est désormais épié par une dangereuse organisation de plus en plus proche… Si Django et Schultz veulent espérer s’enfuir avec Broomhilda, ils vont devoir choisir entre l’indépendance et la solidarité, entre le sacrifice et la survie…</summary>
    <country>USA</country>
	<director  id='37' >
	</director>
	<actor  id='110' >
	    <role>Calvin Candie</role>
	</actor>
	<actor  id='212' >
	    <role>Stephen</role>
	</actor>
	<actor  id='255' >
	    <role>Django</role>
	</actor>
	<actor  id='256' >
	    <role>Dr. King Schultz</role>
	</actor>

  </movie>
  <movie>
    <title>Inglourious Basterds</title>
    <year>209</year>
    <genre>Guerre</genre>
    <summary>Dans la France occupée de 1940, Shosanna Dreyfus assiste à l'exécution de sa famille tombée entre les mains du colonel nazi Hans Landa. Shosanna s'échappe de justesse et s'enfuit à Paris où elle se construit une nouvelle identité en devenant exploitante d'une salle de cinéma.
	Quelque part ailleurs en Europe, le lieutenant Aldo Raine forme un groupe de soldats juifs américains pour mener des actions punitives particulièrement sanglantes contre les nazis. &quot;Les bâtards&quot;, last_name sous lequel leurs ennemis vont apprendre à les connaître, se joignent à l'actrice allemande et agent secret Bridget von Hammersmark pour tenter d'éliminer les hauts dignitaires du Troisième Reich. Leurs destins vont se jouer à l'entrée du cinéma où Shosanna est décidée à mettre à exécution une vengeance très personnelle... </summary>
    <country>USA</country>
	<director  id='37' >
	</director>

  </movie>
  <movie>
    <title>Inglourious Basterds</title>
    <year>2009</year>
    <genre>Guerre</genre>
    <summary>Dans la France occupée de 1940, Shosanna Dreyfus assiste à l'exécution de sa famille tombée entre les mains du colonel nazi Hans Landa. Shosanna s'échappe de justesse et s'enfuit à Paris où elle se construit une nouvelle identité en devenant exploitante d'une salle de cinéma.
	Quelque part ailleurs en Europe, le lieutenant Aldo Raine forme un groupe de soldats juifs américains pour mener des actions punitives particulièrement sanglantes contre les nazis. &quot;Les bâtards&quot;, last_name sous lequel leurs ennemis vont apprendre à les connaître, se joignent à l'actrice allemande et agent secret Bridget von Hammersmark pour tenter d'éliminer les hauts dignitaires du Troisième Reich. Leurs destins vont se jouer à l'entrée du cinéma où Shosanna est décidée à mettre à exécution une vengeance très personnelle... </summary>
    <country>USA</country>
	<director  id='37' >
	</director>
	<actor  id='32' >
	    <role>Lt. Aldo Raine</role>
	</actor>
	<actor  id='256' >
	    <role>Col. Hans Landa</role>
	</actor>
	<actor  id='257' >
	    <role>Shoshana</role>
	</actor>
	<actor  id='258' >
	    <role>Lt. Archie Hicox</role>
	</actor>

  </movie>
  <movie>
    <title>Les quatre cents coups</title>
    <year>1959</year>
    <genre>drama</genre>
    <summary>Antoine a une adolescence turbulente. Il ment à ses parents indifférents à son sort, vole, fugue. Son seul réconfort, il fait les quatre cents coups avec son ami René. Un jour, la police s'en mêle. </summary>
    <country>FR</country>
	<director  id='259' >
	</director>
	<actor  id='260' >
	    <role>Antoine Doinel</role>
	</actor>

  </movie>
  <movie>
    <title>Le dernier métro</title>
    <year>1980</year>
    <genre>drama</genre>
    <summary>Paris, septembre 1942. Lucas Steiner, le directeur du théâtre Montmartre a dû fuir parce qu’il est juif. Sa femme Marion Steiner dirige le théâtre et engage Bernard Granger, transfuge du Grand Guignol, pour jouer à ses côtés dans « la Disparue », que met en scène Jean-Louis Cottins. Jusqu’au soir de la générale, la troupe subit les menaces du virulent critique de « Je suis partout », Daxiat, dont l’ambition est de diriger la Comédie-Française. Et si, par amour pour sa femme, Lucas Steiner avait fait semblant de fuir la France et était resté caché dans la cave de son théâtre pendant toute la guerre…. </summary>
    <country>FR</country>
	<director  id='259' >
	</director>
	<actor  id='130' >
	    <role>Marion Steiner</role>
	</actor>
	<actor  id='261' >
	    <role>Bernard Granger</role>
	</actor>
	<actor  id='262' >
	    <role>Jean-Loup Cottins</role>
	</actor>

  </movie>
  <movie>
    <title>Rio Grande</title>
    <year>1950</year>
    <genre>Western</genre>
    <summary>Colonel de la cavalerie américaine, Kirby York acceuille dans son régiment son propre fils, le jeune Jeff, recalé à West Point. Séparée de York depuis un épisode tragique de la Guerre de Sécession, Kathleen, la mère de Jeff, intervient auprès de son époux pour qu'il n'accepte pas le jeune homme dans sa garnison. La guerre contre les Indiens fait rage, et la mère craint pour la vie de son fils. Une terrible bataille contre les Apaches s'annonce... </summary>
    <country>USA</country>
	<director  id='263' >
	</director>
	<actor  id='264' >
	    <role>Lt. Col. Kirby Yorke</role>
	</actor>
	<actor  id='265' >
	    <role>Mrs. Kathleen Yorke</role>
	</actor>

  </movie>
  <movie>
    <title>Interstellar</title>
    <year>2014</year>
    <genre>Science-fiction</genre>
    <summary>Le film raconte les aventures d’un groupe d’explorateurs qui utilisent une faille récemment découverte dans l’espace-temps afin de repousser les limites humaines et partir à la conquête des distances astrolast_nameiques dans un voyage interstellaire.</summary>
    <country>USA</country>
	<director  id='266' >
	</director>
	<actor  id='267' >
	    <role>Cooper</role>
	</actor>
	<actor  id='268' >
	    <role> 	 Brand </role>
	</actor>
	<actor  id='269' >
	    <role>Professor Brand</role>
	</actor>

  </movie>
  <movie>
    <title>Inception</title>
    <year>2010</year>
    <genre>Science-fiction</genre>
    <summary>Dom Cobb est un voleur expérimenté – le meilleur qui soit dans l’art périlleux de l’extraction : sa spécialité consiste à s’approprier les secrets les plus précieux d’un individu, enfouis au plus profond de son subconscient, pendant qu’il rêve et que son esprit est particulièrement vulnérable. Très recherché pour ses talents dans l’univers trouble de l’espionnage industriel, Cobb est aussi devenu un fugitif traqué dans le monde entier qui a perdu tout ce qui lui est cher. Mais une ultime mission pourrait lui permettre de retrouver sa vie d’avant – à condition qu’il puisse accomplir l’impossible : l’inception. Au lieu de subtiliser un rêve, Cobb et son équipe doivent faire l’inverse : implanter une idée dans l’esprit d’un individu. S’ils y parviennent, il pourrait s’agir du crime parfait. Et pourtant, aussi méthodiques et doués soient-ils, rien n’aurait pu préparer Cobb et ses partenaires à un ennemi redoutable qui semble avoir systématiquement un coup d’avance sur eux. Un ennemi dont seul Cobb aurait pu soupçonner l’existence. </summary>
    <country>USA</country>
	<director  id='266' >
	</director>
	<actor  id='110' >
	    <role>Cobb</role>
	</actor>
	<actor  id='269' >
	    <role>Miles</role>
	</actor>
	<actor  id='270' >
	    <role>Ariadne</role>
	</actor>
	<actor  id='271' >
	    <role>Mal</role>
	</actor>

  </movie>
  <movie>
    <title>Memento</title>
    <year>2000</year>
    <genre>Thriller</genre>
    <summary>Leonard Shelby ne porte que des costumes de grands couturiers et ne se déplace qu'au volant de sa Jaguar. En revanche, il habite dans des motels miteux et règle ses notes avec d'épaisses liasses de billets.
	Leonard n'a qu'une idée en tête : traquer l'homme qui a violé et assassiné sa femme afin de se venger. Sa recherche du meurtrier est rendue plus difficile par le fait qu'il souffre d'une forme rare et incurable d'amnésie. Bien qu'il puisse se souvenir de détails de son passé, il est incapable de savoir ce qu'il a fait dans le quart d'heure précédent, où il se trouve, où il va et pourquoi.
	Pour ne jamais perdre son objectif de vue, il a structuré sa vie à l'aide de fiches, de notes, de photos, de tatouages sur le corps. C'est ce qui l'aide à garder contact avec sa mission, à retenir les informations et à garder une trace, une notion de l'espace et du temps. </summary>
    <country>USA</country>
	<director  id='266' >
	</director>
	<actor  id='272' >
	    <role>Leonard</role>
	</actor>
	<actor  id='273' >
	    <role>Natalie</role>
	</actor>

  </movie>
  <movie>
    <title>Batman begins</title>
    <year>2005</year>
    <genre>Thriller</genre>
    <summary>Comment un homme seul peut-il changer le monde ? Telle est la question qui hante Bruce Wayne depuis cette nuit tragique où ses parents furent abattus sous ses yeux, dans une ruelle de Gotham City. Torturé par un profond sentiment de colère et de culpabilité, le jeune héritier de cette richissime famille fuit Gotham pour un long et discret voyage à travers le monde. Le but de ses pérégrinations : sublimer sa soif de vengeance en trouvant de nouveaux moyens de lutter contre l'injustice.</summary>
    <country>USA</country>
	<director  id='266' >
	</director>
	<actor  id='22' >
	    <role>Lucius Fox </role>
	</actor>
	<actor  id='116' >
	    <role> Jim Gordon </role>
	</actor>
	<actor  id='269' >
	    <role>Alfred</role>
	</actor>
	<actor  id='274' >
	    <role> Bruce Wayne / Batman </role>
	</actor>
	<actor  id='275' >
	    <role>Ducard</role>
	</actor>

  </movie>
  <movie>
    <title>The Dark Knight</title>
    <year>2008</year>
    <genre>Science-fiction</genre>
    <summary>Dans ce nouveau volet, Batman augmente les mises dans sa guerre contre le crime. Avec l'appui du lieutenant de police Jim Gordon et du procureur de Gotham, Harvey Dent, Batman vise à éradiquer le crime organisé qui pullule dans la ville. Leur association est très efficace mais elle sera bientôt bouleversée par le chaos déclenché par un criminel extraordinaire que les citoyens de Gotham connaissent sous le last_name de Joker. </summary>
    <country>USA</country>
	<director  id='266' >
	</director>
	<actor  id='22' >
	    <role>Lucius Fox</role>
	</actor>
	<actor  id='116' >
	    <role>Gordon</role>
	</actor>
	<actor  id='269' >
	    <role>Alfred</role>
	</actor>
	<actor  id='274' >
	    <role>Bruce Wayne / Batman</role>
	</actor>
	<actor  id='276' >
	    <role>Joker</role>
	</actor>
	<actor  id='277' >
	    <role>Rachel</role>
	</actor>

  </movie>
  <movie>
    <title>The Dark Knight Rises</title>
    <year>2012</year>
    <genre>Science-fiction</genre>
    <summary>Il y a huit ans, Batman a disparu dans la nuit : lui qui était un héros est alors devenu un fugitif. S'accusant de la mort du procureur-adjoint Harvey Dent, le Chevalier Noir a tout sacrifié au last_name de ce que le commissaire Gordon et lui-même considéraient être une noble cause. Et leurs actions conjointes se sont avérées efficaces pour un temps puisque la criminalité a été éradiquée à Gotham City grâce à l'arsenal de lois répressif initié par Dent.
	Mais c'est un chat – aux intentions obscures – aussi rusé que voleur qui va tout bouleverser. À moins que ce ne soit l'arrivée à Gotham de Bane, terroriste masqué, qui compte bien arracher Bruce à l'exil qu'il s'est imposé. Pourtant, même si ce dernier est prêt à endosser de nouveau la cape et le casque du Chevalier Noir, Batman n'est peut-être plus de taille à affronter Bane…</summary>
    <country>USA</country>
	<director  id='266' >
	</director>
	<actor  id='22' >
	    <role>Lucius Fox</role>
	</actor>
	<actor  id='116' >
	    <role>Commissioner Gordon</role>
	</actor>
	<actor  id='268' >
	    <role>Selina</role>
	</actor>
	<actor  id='269' >
	    <role>Alfred</role>
	</actor>
	<actor  id='271' >
	    <role>Miranda</role>
	</actor>
	<actor  id='274' >
	    <role>Bruce Wayne / Batman</role>
	</actor>

  </movie>
  <movie>
    <title>Un prophète</title>
    <year>2009</year>
    <genre>drama</genre>
    <summary>Condamné à six ans de prison, Malik El Djebena ne sait ni lire, ni écrire. A son arrivée en Centrale, seul au monde, il paraît plus jeune, plus fragile que les autres détenus. Il a 19 ans.
	D'emblée, il tombe sous la coupe d'un groupe de prisonniers corses qui fait régner sa loi dans la prison. Le jeune homme apprend vite. Au fil des &quot; missions &quot;, il s'endurcit et gagne la confiance des Corses.
	Mais, très vite, Malik utilise toute son intelligence pour développer discrètement son propre réseau...</summary>
    <country>FR</country>
	<director  id='278' >
	</director>
	<actor  id='279' >
	    <role>Malik El Djebena </role>
	</actor>
	<actor  id='280' >
	    <role>César Luciani</role>
	</actor>

  </movie>
  <movie>
    <title>Nous trois ou rien</title>
    <year>2015</year>
    <genre>drama</genre>
    <summary>D’un petit village du sud de l’Iran aux cités parisiennes, Kheiron nous raconte le destin hors du commun de ses parents Hibat et Fereshteh, éternels optimistes, dans une comédie aux airs de conte universel qui évoque l’amour familial, le don de soi et surtout l’idéal d’un vivre-ensemble. </summary>
    <country>FR</country>
	<director  id='281' >
	</director>

  </movie>
</movies>
