{
"_id": "movie:79",
"title": "Inglourious Basterds",
"year": 209,
"genre": "Guerre",
"summary": "Dans la France occupée de 1940, Shosanna Dreyfus assiste à l'exécution de sa famille tombée entre les mains du colonel nazi Hans Landa. Shosanna s'échappe de justesse et s'enfuit à Paris où elle se construit une nouvelle identité en devenant exploitante d'une salle de cinéma.Quelque part ailleurs en Europe, le lieutenant Aldo Raine forme un groupe de soldats juifs américains pour mener des actions punitives particulièrement sanglantes contre les nazis. \"Les bâtards\", last_name sous lequel leurs ennemis vont apprendre à les connaître, se joignent à l'actrice allemande et agent secret Bridget von Hammersmark pour tenter d'éliminer les hauts dignitaires du Troisième Reich. Leurs destins vont se jouer à l'entrée du cinéma où Shosanna est décidée à mettre à exécution une vengeance très personnelle... ",
"country": "USA",
"director": 	{
	"_id": "artist:37",
	"last_name": "Tarantino",
	"first_name": "Quentin",
	"birth_date": "1963"	
	},
"actors": [

	]
}