{
"_id": "movie:64",
"title": "Pour quelques dollars de plus",
"year": 1965,
"genre": "Western",
"summary": "Le colonel Douglas Mortimer collabore avec un chasseur de primes surlast_namemé L'\"Etranger\". Tous les deux souhaitent capturer Indio, un tueur fou, qui sème la terreur autour de lui. Ce dernier et ses hommes sont sur le point de piller la banque d'El Paso.",
"country": "IT",
"director": 	{
	"_id": "artist:219",
	"last_name": "Leone",
	"first_name": "Sergio",
	"birth_date": "1929"	
	},
"actors": [

	]
}