  <movie>
    <title>Batman begins</title>
    <year>2005</year>
    <genre>Thriller</genre>
    <summary>Comment un homme seul peut-il changer le monde ? Telle est la question qui hante Bruce Wayne depuis cette nuit tragique où ses parents furent abattus sous ses yeux, dans une ruelle de Gotham City. Torturé par un profond sentiment de colère et de culpabilité, le jeune héritier de cette richissime famille fuit Gotham pour un long et discret voyage à travers le monde. Le but de ses pérégrinations : sublimer sa soif de vengeance en trouvant de nouveaux moyens de lutter contre l'injustice.</summary>
    <country>USA</country>
	<director  id='266' >
	</director>
	<actor  id='22' >
	    <role>Lucius Fox </role>
	</actor>
	<actor  id='116' >
	    <role> Jim Gordon </role>
	</actor>
	<actor  id='269' >
	    <role>Alfred</role>
	</actor>
	<actor  id='274' >
	    <role> Bruce Wayne / Batman </role>
	</actor>
	<actor  id='275' >
	    <role>Ducard</role>
	</actor>

  </movie>
