  <movie>
    <title>Le parrain II</title>
    <year>1974</year>
    <genre>drama</genre>
    <summary>A la mort de Vito Corleone, dit &quot;le Parrain&quot;, c'est son fils, Michael, qui reprend les affaires familiales. Très vite, son ascension dans le milieu mafiosi est fulgurante.
	
	Depuis la mort De Don Vito Corleone, son fils, Michael, règne sur la famille. Amené à négocier avec la mafia juive, il perd alors le soutien d'un de ses lieutenants, Frankie Pentageli. Echappant de justesse à un attentat, Michael tente de retrouver le coupable, soupçonnant Hyman Roth, le chef de la mafia juive.
	Vito Corleone, immigrant italien, arrive à New York au début du siècle ; très vite, il devient un des caïds du quartier, utilisant la violence comme moyen de régler toutes les affaires. Seul au départ, il bâtit peu à peu un véritable empire, origine de la fortune de la famille des Corleone.
		</summary>
    <country>USA</country>
	<director  id='181' >
	</director>
	<actor  id='167' >
	    <role>Don Vito Corleone</role>
	</actor>
	<actor  id='176' >
	    <role>Michael Corleone</role>
	</actor>
	<actor  id='183' >
	    <role>Kay Adams</role>
	</actor>
	<actor  id='184' >
	    <role>Tom Hagen</role>
	</actor>

  </movie>
