  <movie>
    <title>Kill Bill</title>
    <year>2003</year>
    <genre>drama</genre>
    <summary>Au cours d'une cérémonie de mariage en plein désert, un commando fait irruption dans la chapelle et tire sur les convives. Laissée pour morte, la Mariée enceinte retrouve ses esprits après un coma de quatre ans.
	Celle qui a auparavant exercé les fonctions de tueuse à gages au sein du Détachement International des Vipères Assassines n'a alors plus qu'une seule idée en tête : venger la mort de ses proches en éliminant tous les membres de l'organisation criminelle, dont leur chef Bill qu'elle se réserve pour la fin.</summary>
    <country>USA</country>
    <version>1</version>
	<director  id='37' >
	</director>
	<actor  id='40' >
	    <role>La mariée, alias &quot;Black Mamba&quot;</role>
	</actor>
	<actor  id='213' >
	    <role>O-Ren Ishii</role>
	</actor>
	<actor  id='214' >
	    <role>Bill</role>
	</actor>
	<actor  id='215' >
	    <role>Budd / Sidewinder</role>
	</actor>
	<actor  id='216' >
	    <role>Elle Driver</role>
	</actor>

  </movie>
