  <movie>
    <title>Pulp fiction</title>
    <year>1994</year>
    <genre>Action</genre>
    <summary>Pulp Fiction décrit l'odyssée sanglante et burlesque de petits malfrats dans la jungle de
	 Hollywood, ou s'entrecroisent les destins de deux petits tueurs, d'un dangereux gangster marié
	 à une camée, d'un boxeur roublard, de prêteurs sur gages sadiques, d'un caïd élégant et
	 dévoué, d'un dealer bon mari et de deux tourtereaux à la gachette facile... </summary>
    <country>USA</country>
    <version>1</version>
	<director  id='37' >
	</director>
	<actor  id='11' >
	    <role>Vincent Vega</role>
	</actor>
	<actor  id='27' >
	    <role>Butch Coolidge</role>
	</actor>
	<actor  id='37' >
	    <role>Jimmy Dimmick</role>
	</actor>
	<actor  id='38' >
	    <role>Jules Winnfield</role>
	</actor>
	<actor  id='39' >
	    <role>Jody</role>
	</actor>
	<actor  id='40' >
	    <role>Mia Wallace</role>
	</actor>
	<actor  id='97' >
	    <role>Capt. Koons</role>
	</actor>
	<actor  id='98' >
	    <role>Winston &quot;The Wolf&quot; Wolfe</role>
	</actor>
	<actor  id='99' >
	    <role>Pumpkin (Ringo)</role>
	</actor>

  </movie>
