  <movie>
    <title>The Dark Knight</title>
    <year>2008</year>
    <genre>Science-fiction</genre>
    <summary>Dans ce nouveau volet, Batman augmente les mises dans sa guerre contre le crime. Avec l'appui du lieutenant de police Jim Gordon et du procureur de Gotham, Harvey Dent, Batman vise à éradiquer le crime organisé qui pullule dans la ville. Leur association est très efficace mais elle sera bientôt bouleversée par le chaos déclenché par un criminel extraordinaire que les citoyens de Gotham connaissent sous le last_name de Joker. </summary>
    <country>USA</country>
	<director  id='266' >
	</director>
	<actor  id='22' >
	    <role>Lucius Fox</role>
	</actor>
	<actor  id='116' >
	    <role>Gordon</role>
	</actor>
	<actor  id='269' >
	    <role>Alfred</role>
	</actor>
	<actor  id='274' >
	    <role>Bruce Wayne / Batman</role>
	</actor>
	<actor  id='276' >
	    <role>Joker</role>
	</actor>
	<actor  id='277' >
	    <role>Rachel</role>
	</actor>

  </movie>
