  <movie>
    <title>Fenêtre sur cour</title>
    <year>1954</year>
    <genre>Suspense</genre>
    <summary>En repos forcé à cause d'une jambe plâtrée, le reporter L.B. Jefferies observe au téléobjectif les voisins de
	 l'immeuble d'en face. C'est ainsi qu'il remarque le curieux manège d'un représentant de commerce, M.
	 Thorwald, qu'il soupconne très vite d'avoir assassiné sa femme... </summary>
    <country>USA</country>
    <version>1</version>
	<director  id='3' >
	</director>

  </movie>
