  <movie>
    <title>Top Gun</title>
    <year>1986</year>
    <genre>Action</genre>
    <summary>
	 Pilote de chasse émérite mais casse-cou Maverick Mitchell est admis à Top Gun, l'école de
	 l'élite de l'aéronavale. Son manque de prudence lui attire les foudres de ses supérieurs et la
	 haine de certains coéquipiers. Il perd subitement la foi et confiance en lui quand son ami de
	 toujours meurt en vol et qu'il s'en croit responsable... </summary>
    <country>USA</country>
    <version>1</version>
	<director  id='81' >
	</director>
	<actor  id='53' >
	    <role>Iceman</role>
	</actor>
	<actor  id='65' >
	    <role>Lt. Pete 'Maverick' Mitchell</role>
	</actor>
	<actor  id='82' >
	    <role>Charlotte Blackwood</role>
	</actor>

  </movie>
