  <movie>
    <title>Jackie Brown</title>
    <year>1997</year>
    <genre>crime</genre>
    <summary>Jackie Brown, hôtesse de l'air, arrondit ses fins de mois en convoyant de l'argent liquide pour le compte d'un trafiquant d'armes, Ordell Robbie. Un jour, un agent federal et un policier de Los Angeles la cueillent à l'aéroport. Ils comptent sur elle pour faire tomber le trafiquant. Jackie échafaude alors un plan audacieux pour doubler tout le monde lors d'un prochain transfert qui porte sur la modeste somme de cinq cent mille dollars. Mais il lui faudra compter avec les complices d'Ordell, qui ont des méthodes plutôt expéditives.</summary>
    <country>USA</country>
    <version>1</version>
	<director  id='37' >
	</director>
	<actor  id='167' >
	    <role>Luis Gara</role>
	</actor>
	<actor  id='168' >
	    <role>Jackie Brown</role>
	</actor>
	<actor  id='169' >
	    <role>Melanie</role>
	</actor>
	<actor  id='170' >
	    <role>Ray Nicolette</role>
	</actor>
	<actor  id='212' >
	    <role>Ordell Robbie</role>
	</actor>

  </movie>
