  <movie>
    <title>Lost in Translation</title>
    <year>2003</year>
    <genre>romance</genre>
    <summary>Bob Harris, acteur sur le déclin, se rend à Tokyo pour touner un spot publicitaire. Il a conscience qu'il se trompe - il devrait être chez lui avec sa famille, jouer au théâtre ou encore chercher un rôle dans un film -, mais il a besoin d'argent.
	Du haut de son hôtel de luxe, il contemple la ville, mais ne voit rien. Il est ailleurs, détaché de tout, incapable de s'intégrer à la réalité qui l'entoure, incapable également de dormir à cause du décalage horaire.
	Dans ce même établissement, Charlotte, une jeune Américaine fraîchement diplômée, accompagne son mari, photographe de mode. Ce dernier semble s'intéresser davantage à son travail qu'à sa femme. Se sentant délaissée, Charlotte cherche un peu d'attention. Elle va en trouver auprès de Bob...</summary>
    <country>USA</country>
    <version>1</version>
	<director  id='172' >
	</director>
	<actor  id='173' >
	    <role>Bob Harris</role>
	</actor>
	<actor  id='174' >
	    <role>Charlotte</role>
	</actor>
	<actor  id='175' >
	    <role>John</role>
	</actor>
	<actor  id='176' >
	    <role>Kelly</role>
	</actor>
	<actor  id='177' >
	    <role>Patron Nightclub</role>
	</actor>

  </movie>
