  <movie>
    <title>American Beauty</title>
    <year>1999</year>
    <genre>Comédie</genre>
    <summary>Lester Burnham, sa femme Carolyn et leur fille Jane mènent apparemment une vie des plus
	 heureuses dans leur belle banlieue. Mais derrière cette respectable façade se tisse une étrange
	 et grinçante tragi-comédie familiale où désirs inavoués, frustrations et violences refoulées
	 conduiront inexorablement un homme vers la mort. </summary>
    <country>USA</country>
    <version>1</version>
	<director  id='17' >
	</director>
	<actor  id='18' >
	    <role>Lester Burnham</role>
	</actor>
	<actor  id='19' >
	    <role>Carolyn Burnham</role>
	</actor>

  </movie>
