  <movie>
    <title>Casino Royale</title>
    <year>2006</year>
    <genre>Action</genre>
    <summary>Pour sa première mission, James Bond affronte le tout-puissant banquier privé du terrorisme international, Le Chiffre. Pour achever de le ruiner et démanteler le plus grand réseau criminel qui soit, Bond doit le battre lors d'une partie de poker à haut risque au Casino Royale. La très belle Vesper, attachée au Trésor, l'accompagne afin de veiller à ce que l'agent 007 prenne soin de l'argent du gouvernement britannique qui lui sert de mise, mais rien ne va se passer comme prévu.
	Alors que Bond et Vesper s'efforcent d'échapper aux tentatives d'assassinat du Chiffre et de ses hommes, d'autres sentiments surgissent entre eux, ce qui ne fera que les rendre plus vulnérables... </summary>
    <country>USA</country>
	<director  id='246' >
	</director>
	<actor  id='247' >
	    <role>James Bond</role>
	</actor>
	<actor  id='248' >
	    <role>Vesper Lynd</role>
	</actor>

  </movie>
