  <movie>
    <title>Django unchained</title>
    <year>2012</year>
    <genre>Western</genre>
    <summary>Dans le sud des États-Unis, deux ans avant la guerre de Sécession, le Dr King Schultz, un chasseur de primes allemand, fait l’acquisition de Django, un esclave qui peut l’aider à traquer les frères Brittle, les meurtriers qu’il recherche. Schultz promet à Django de lui rendre sa liberté lorsqu’il aura capturé les Brittle – morts ou vifs.
	Alors que les deux hommes pistent les dangereux criminels, Django n’oublie pas que son seul but est de retrouver Broomhilda, sa femme, dont il fut séparé à cause du commerce des esclaves…
	Lorsque Django et Schultz arrivent dans l’immense plantation du puissant Calvin Candie, ils éveillent les soupçons de Stephen, un esclave qui sert Candie et a toute sa confiance. Le moindre de leurs mouvements est désormais épié par une dangereuse organisation de plus en plus proche… Si Django et Schultz veulent espérer s’enfuir avec Broomhilda, ils vont devoir choisir entre l’indépendance et la solidarité, entre le sacrifice et la survie…</summary>
    <country>USA</country>
	<director  id='37' >
	</director>
	<actor  id='110' >
	    <role>Calvin Candie</role>
	</actor>
	<actor  id='212' >
	    <role>Stephen</role>
	</actor>
	<actor  id='255' >
	    <role>Django</role>
	</actor>
	<actor  id='256' >
	    <role>Dr. King Schultz</role>
	</actor>

  </movie>
