  <movie>
    <title>The Matrix reloaded</title>
    <year>2003</year>
    <genre>Science-fiction</genre>
    <summary>Neo apprend à mieux contrôler ses dons naturels, alors même que Sion s'apprête à tomber sous l'assaut de l'Armée des Machines. D'ici quelques heures, 250 000 Sentinelles programmées pour anéantir notre espèce envahiront la dernière enclave humaine de la Terre.
	Mais Morpheus galvanise les citoyens de Sion en leur rappelant la Parole de l'Oracle : il est encore temps pour l'Elu d'arrêter la guerre contre les Machines. Tous les espoirs se reportent dès lors sur Neo. Au long de sa périlleuse plongée au sein de la Matrix et de sa propre destinée, ce dernier sera confronté à une résistance croissante, une vérité encore plus aveuglante, un choix encore plus douloureux que tout ce qu'il avait jamais imaginé.</summary>
    <country>USA</country>
    <version>1</version>
	<director  id='61' >
	</director>
	<actor  id='62' >
	    <role>Neo</role>
	</actor>
	<actor  id='63' >
	    <role>Morpheus</role>
	</actor>
	<actor  id='210' >
	    <role>Trinity</role>
	</actor>
	<actor  id='211' >
	    <role>Agent Smith</role>
	</actor>

  </movie>
