  <movie>
    <title>Le bon, la brute et le truand</title>
    <year>1966</year>
    <genre>Western</genre>
    <summary>Pendant la Guerre de Sécession, trois hommes, préférant s'intéresser à leur profit personnel, se lancent à la recherche d'un coffre contenant 200 000 dollars en pièces d'or volés à l'armée sudiste. Tuco sait que le trésor se trouve dans un cimetière, tandis que Joe connaît le last_name inscrit sur la pierre tombale qui sert de cache. Chacun a besoin de l'autre. Mais un troisième homme entre dans la course : Setenza, une brute qui n'hésite pas à massacrer femmes et enfants pour parvenir à ses fins.</summary>
    <country>IT</country>
    <version>1</version>
	<director  id='219' >
	</director>
	<actor  id='20' >
	</actor>

  </movie>
