  <movie>
    <title>Nikita</title>
    <year>1990</year>
    <genre>Thriller</genre>
    <summary>Nikita, droguée et violente, est prise en mains par des psychiatres qui la rééduquent, la conditionnent, afin
	 d'en faire une tueuse à la botte des Services Secrets. Plus tard, réalisant ce qu'elle est devenue, un pion
	 sans vie privée que l'on manipule, elle tente d'échapper à ses commanditaires. </summary>
    <country>FR</country>
    <version>1</version>
	<director  id='111' >
	</director>
	<actor  id='115' >
	    <role>Bob</role>
	</actor>
	<actor  id='119' >
	    <role>Nikita</role>
	</actor>
	<actor  id='120' >
	    <role>Marco</role>
	</actor>

  </movie>
