  <movie>
    <title>Léon</title>
    <year>1994</year>
    <genre>Action</genre>
    <summary>&quot;Léon est un tueur. Un de la pire espèce. Il est introuvable, indétectable, pire qu'un sous-marin. Son ombre
	 est comme une menace de danger permanent sur New York. Indestructible Léon ? Oui, jusqu'à ce qu'une
	 petite souris pénètre son univers. Une toute petite souris aux yeux immenses...&quot; </summary>
    <country>FR</country>
    <version>1</version>
	<director  id='111' >
	</director>
	<actor  id='60' >
	    <role>Léon</role>
	</actor>
	<actor  id='116' >
	    <role>Norman Stansfield</role>
	</actor>
	<actor  id='118' >
	    <role>Mathilda</role>
	</actor>

  </movie>
