  <movie>
    <title>Inception</title>
    <year>2010</year>
    <genre>Science-fiction</genre>
    <summary>Dom Cobb est un voleur expérimenté – le meilleur qui soit dans l’art périlleux de l’extraction : sa spécialité consiste à s’approprier les secrets les plus précieux d’un individu, enfouis au plus profond de son subconscient, pendant qu’il rêve et que son esprit est particulièrement vulnérable. Très recherché pour ses talents dans l’univers trouble de l’espionnage industriel, Cobb est aussi devenu un fugitif traqué dans le monde entier qui a perdu tout ce qui lui est cher. Mais une ultime mission pourrait lui permettre de retrouver sa vie d’avant – à condition qu’il puisse accomplir l’impossible : l’inception. Au lieu de subtiliser un rêve, Cobb et son équipe doivent faire l’inverse : implanter une idée dans l’esprit d’un individu. S’ils y parviennent, il pourrait s’agir du crime parfait. Et pourtant, aussi méthodiques et doués soient-ils, rien n’aurait pu préparer Cobb et ses partenaires à un ennemi redoutable qui semble avoir systématiquement un coup d’avance sur eux. Un ennemi dont seul Cobb aurait pu soupçonner l’existence. </summary>
    <country>USA</country>
	<director  id='266' >
	    <last_name>Nolan</last_name>
	    <first_name>Christopher</first_name>
	    <birth_date>1970</birth_date>
	</director>
	<actor  id='110' >
	    <first_name>Leonardo</first_name>
	    <last_name>DiCaprio</last_name>
	    <birth_date>1974</birth_date>
	    <role>Cobb</role>
	</actor>
	<actor  id='269' >
	    <first_name>Michael</first_name>
	    <last_name>Caine</last_name>
	    <birth_date>1933</birth_date>
	    <role>Miles</role>
	</actor>
	<actor  id='270' >
	    <first_name>Elen</first_name>
	    <last_name>Page</last_name>
	    <role>Ariadne</role>
	</actor>
	<actor  id='271' >
	    <first_name>Marion</first_name>
	    <last_name>Cotillard</last_name>
	    <birth_date>1975</birth_date>
	    <role>Mal</role>
	</actor>

  </movie>
