  <movie>
    <title>Nous trois ou rien</title>
    <year>2015</year>
    <genre>drama</genre>
    <summary>D’un petit village du sud de l’Iran aux cités parisiennes, Kheiron nous raconte le destin hors du commun de ses parents Hibat et Fereshteh, éternels optimistes, dans une comédie aux airs de conte universel qui évoque l’amour familial, le don de soi et surtout l’idéal d’un vivre-ensemble. </summary>
    <country>FR</country>
	<director  id='281' >
	    <last_name> Kheiron</last_name>
	    <first_name>Tabib</first_name>
	</director>

  </movie>
