  <movie>
    <title>Léon</title>
    <year>1994</year>
    <genre>Action</genre>
    <summary>&quot;Léon est un tueur. Un de la pire espèce. Il est introuvable, indétectable, pire qu'un sous-marin. Son ombre
	 est comme une menace de danger permanent sur New York. Indestructible Léon ? Oui, jusqu'à ce qu'une
	 petite souris pénètre son univers. Une toute petite souris aux yeux immenses...&quot; </summary>
    <country>FR</country>
    <version>1</version>
	<director  id='111' >
	    <last_name>Besson</last_name>
	    <first_name>Luc</first_name>
	    <birth_date>1959</birth_date>
	</director>
	<actor  id='60' >
	    <first_name>Jean</first_name>
	    <last_name>Reno</last_name>
	    <birth_date>1948</birth_date>
	    <role>Léon</role>
	</actor>
	<actor  id='116' >
	    <first_name>Gary</first_name>
	    <last_name>Oldman</last_name>
	    <birth_date>1958</birth_date>
	    <role>Norman Stansfield</role>
	</actor>
	<actor  id='118' >
	    <first_name>Natalie</first_name>
	    <last_name>Portman</last_name>
	    <birth_date>1981</birth_date>
	    <role>Mathilda</role>
	</actor>

  </movie>
