  <movie>
    <title>Les bronzés font du ski</title>
    <year>1979</year>
    <genre>Comédie</genre>
    <summary>Apres avoir passe des vacances d'ete ensemble, Bernard, Nathalie, Gigi, Jerome, Popeye,
	 Jean-Claude et Christiane se retrouvent aux sports d'hiver. Tous ont leurs problemes de coeur
	 ou d'argent, mais il faut bien vivre avec. Avant de se separer, se perdre dans la montagne leur
	 permet de gouter aux joies de la &quot;vraie vie&quot; paysanne... </summary>
    <country>FR</country>
    <version>1</version>
	<director  id='83' >
	    <last_name>Leconte</last_name>
	    <first_name>Patrice</first_name>
	    <birth_date>1947</birth_date>
	</director>
	<actor  id='75' >
	    <first_name>Josiane</first_name>
	    <last_name>Balasko</last_name>
	    <birth_date>1950</birth_date>
	    <role>Nathalie Morin</role>
	</actor>
	<actor  id='76' >
	    <first_name>Dominique</first_name>
	    <last_name>Lavanant</last_name>
	    <birth_date>1944</birth_date>
	    <role>Christiane</role>
	</actor>
	<actor  id='84' >
	    <first_name>Michel</first_name>
	    <last_name>Blanc</last_name>
	    <birth_date>1952</birth_date>
	    <role>Jean-Claude Dus</role>
	</actor>
	<actor  id='85' >
	    <first_name>Christian</first_name>
	    <last_name>Clavier</last_name>
	    <birth_date>1952</birth_date>
	    <role>Jérôme</role>
	</actor>
	<actor  id='86' >
	    <first_name>Thierry</first_name>
	    <last_name>Lhermite</last_name>
	    <birth_date>1952</birth_date>
	    <role>Popeye</role>
	</actor>

  </movie>
