  <movie>
    <title>Usual suspects</title>
    <year>1995</year>
    <genre>Thriller</genre>
    <summary>Une légende du crime contraint cinq malfrats à aller s'aquitter d'une tâche très périlleuse. Ceux qui survivent pourront se partager un butin de 90 millions de dollars.</summary>
    <country>USA</country>
    <version>1</version>
	<director  id='142' >
	    <last_name>Dern</last_name>
	    <first_name>Laura</first_name>
	    <birth_date>1967</birth_date>
	</director>
	<actor  id='18' >
	    <first_name>Kevin</first_name>
	    <last_name>Spacey</last_name>
	    <birth_date>1959</birth_date>
	    <role>Roger &quot;Verbal&quot; Kint</role>
	</actor>
	<actor  id='143' >
	    <first_name>Tom</first_name>
	    <last_name>Hanks</last_name>
	    <birth_date>1956</birth_date>
	    <role>Micheal McManus</role>
	</actor>
	<actor  id='144' >
	    <first_name>Tom</first_name>
	    <last_name>Sizemore</last_name>
	    <birth_date>1964</birth_date>
	    <role>Dean Keaton</role>
	</actor>
	<actor  id='145' >
	    <first_name>Matt</first_name>
	    <last_name>Damon</last_name>
	    <birth_date>1970</birth_date>
	    <role>Fred Fenster</role>
	</actor>
	<actor  id='146' >
	    <first_name>Matthew</first_name>
	    <last_name>Modine</last_name>
	    <birth_date>1959</birth_date>
	    <role>Todd Hockney</role>
	</actor>

  </movie>
