  <movie>
    <title>Van Gogh</title>
    <year>1990</year>
    <genre>drama</genre>
    <summary>Les derniers jours de la vie de Vincent Van Gogh, réfugié à Auvers-sur-Oise, près de chez son
	 ami et protecteur le docteur Gachet, un ami de son frère Théo. Ce peintre maudit, que les
	 villageois surlast_namemaient &quot;le fou&quot;, n'avait alors plus que deux mois à vivre, qu'il passa en
	 peignant un tableau par jour. </summary>
    <country>FR</country>
    <version>1</version>
	<director  id='29' >
	    <last_name>Pialat</last_name>
	    <first_name>Maurice</first_name>
	    <birth_date>1925</birth_date>
	</director>
	<actor  id='30' >
	    <first_name>Jacques</first_name>
	    <last_name>Dutronc</last_name>
	    <birth_date>1943</birth_date>
	    <role>Van Gogh</role>
	</actor>

  </movie>
