  <movie>
    <title>Gladiator</title>
    <year>2000</year>
    <genre>drama</genre>
    <summary>Le général romain Maximus est le plus fidèle
	                    soutien de l'empereur Marc Aurèle, qu'il a
	                    conduit de victoire en victoire avec une
	                    bravoure et un dévouement exemplaires.
	                    Jaloux du prestige de Maximus, et plus
	                    encore de l'amour que lui voue l'empereur,
	                    le fils de Marc-Aurèle, Commode, s'arroge
	                    brutalement le pouvoir, puis ordonne
	                    l'arrestation du général et son exécution.
	                    Maximus échappe à ses assassins mais ne peut
	                    empêcher le massacre de sa famille. Capturé
	                    par un marchand d'esclaves, il devient
	                    gladiateur et prépare sa vengeance.</summary>
    <country>USA</country>
    <version>1</version>
	<director  id='4' >
	    <last_name>Scott</last_name>
	    <first_name>Ridley</first_name>
	    <birth_date>1937</birth_date>
	</director>
	<actor  id='23' >
	    <first_name>Russell</first_name>
	    <last_name>Crowe</last_name>
	    <birth_date>1964</birth_date>
	    <role>Maximus</role>
	</actor>
	<actor  id='147' >
	    <first_name>Adam</first_name>
	    <last_name>Baldwin</last_name>
	    <birth_date>1962</birth_date>
	    <role>Commode</role>
	</actor>
	<actor  id='148' >
	    <first_name>Ryan</first_name>
	    <last_name>O'Neal</last_name>
	    <birth_date>1941</birth_date>
	    <role>Lucilla</role>
	</actor>
	<actor  id='149' >
	    <first_name>Marisa</first_name>
	    <last_name>Berenson</last_name>
	    <birth_date>1946</birth_date>
	    <role>Marc Aurele</role>
	</actor>

  </movie>
