  <movie>
    <title>Impitoyable</title>
    <year>1992</year>
    <genre>Western</genre>
    <summary>Légendaire hors-la-loi, William Munny s'est reconverti depuis onze ans en paisible fermier. Il
	 reprend néanmoins les armes pour traquer deux tueurs en compagnie de son vieil ami Ned
	 Logan. Mais ce dernier est capturé, puis éxécute. L'honneur et l'amitié imposent dès lors à
	 Munny de redevenir une dernière fois le héros qu'il fut jadis... </summary>
    <country>USA</country>
    <version>1</version>
	<director  id='20' >
	    <last_name>Eastwood</last_name>
	    <first_name>Clint</first_name>
	    <birth_date>1930</birth_date>
	</director>
	<actor  id='20' >
	    <first_name>Clint</first_name>
	    <last_name>Eastwood</last_name>
	    <birth_date>1930</birth_date>
	    <role>William Munny</role>
	</actor>
	<actor  id='21' >
	    <first_name>Gene</first_name>
	    <last_name>Hackman</last_name>
	    <birth_date>1930</birth_date>
	    <role>Little Bill Dagget</role>
	</actor>
	<actor  id='22' >
	    <first_name>Morgan</first_name>
	    <last_name>Freeman</last_name>
	    <birth_date>1937</birth_date>
	    <role>Ned Logan</role>
	</actor>

  </movie>
