  <movie>
    <title>Un prophète</title>
    <year>2009</year>
    <genre>drama</genre>
    <summary>Condamné à six ans de prison, Malik El Djebena ne sait ni lire, ni écrire. A son arrivée en Centrale, seul au monde, il paraît plus jeune, plus fragile que les autres détenus. Il a 19 ans.
	D'emblée, il tombe sous la coupe d'un groupe de prisonniers corses qui fait régner sa loi dans la prison. Le jeune homme apprend vite. Au fil des &quot; missions &quot;, il s'endurcit et gagne la confiance des Corses.
	Mais, très vite, Malik utilise toute son intelligence pour développer discrètement son propre réseau...</summary>
    <country>FR</country>
	<director  id='278' >
	    <last_name>Audiard</last_name>
	    <first_name>Jacques</first_name>
	    <birth_date>1952</birth_date>
	</director>
	<actor  id='279' >
	    <first_name>Tahar</first_name>
	    <last_name>Rahim</last_name>
	    <birth_date>1981</birth_date>
	    <role>Malik El Djebena </role>
	</actor>
	<actor  id='280' >
	    <first_name>Niels</first_name>
	    <last_name>Arestrup</last_name>
	    <birth_date>1949</birth_date>
	    <role>César Luciani</role>
	</actor>

  </movie>
