  <movie>
    <title>Reservoir dogs</title>
    <year>1992</year>
    <genre>crime</genre>
    <summary>Après un hold-up manqué, des cambrioleurs de haut vol font leurs comptes dans une confrontation violente, pour découvrir lequel d'entre eux les a trahis.
	
	
	
	
	 Voleurs de profession, Joe Cabot et son fils Eddie engagent un groupe de six criminels pour le cambriolage
	 d'un diamantaire. Malgré toutes les précautions prises, la police est sur place le jour J, et l'opération se
	 solde par un massacre. Les survivants du gang se réunissent pour règler leurs comptes, chacun
	 soupçonnant l'autre d'avoir trahi. </summary>
    <country>USA</country>
    <version>1</version>
	<director  id='37' >
	    <last_name>Tarantino</last_name>
	    <first_name>Quentin</first_name>
	    <birth_date>1963</birth_date>
	</director>
	<actor  id='37' >
	    <first_name>Quentin</first_name>
	    <last_name>Tarantino</last_name>
	    <birth_date>1963</birth_date>
	    <role>Mr. Brown</role>
	</actor>
	<actor  id='98' >
	    <first_name>Harvey</first_name>
	    <last_name>Keitel</last_name>
	    <birth_date>1939</birth_date>
	    <role>Mr. White/Larry</role>
	</actor>
	<actor  id='99' >
	    <first_name>Tim</first_name>
	    <last_name>Roth</last_name>
	    <birth_date>1961</birth_date>
	    <role>Freddy Newendyke/Mr. Orange</role>
	</actor>
	<actor  id='100' >
	    <first_name>Chris</first_name>
	    <last_name>Penn</last_name>
	    <birth_date>1966</birth_date>
	    <role>Nice Guy Eddie</role>
	</actor>
	<actor  id='215' >
	    <first_name>Michael</first_name>
	    <last_name>Madsen</last_name>
	    <birth_date>1958</birth_date>
	    <role>Mr Blonde</role>
	</actor>
	<actor  id='217' >
	    <first_name>Steve</first_name>
	    <last_name>Buscemi</last_name>
	    <birth_date>1957</birth_date>
	    <role>Mr Pink</role>
	</actor>
	<actor  id='218' >
	    <first_name>Edward</first_name>
	    <last_name>Bunker</last_name>
	    <birth_date>1933</birth_date>
	    <role>Mr Blue</role>
	</actor>

  </movie>
