  <movie>
    <title>Les quatre cents coups</title>
    <year>1959</year>
    <genre>drama</genre>
    <summary>Antoine a une adolescence turbulente. Il ment à ses parents indifférents à son sort, vole, fugue. Son seul réconfort, il fait les quatre cents coups avec son ami René. Un jour, la police s'en mêle. </summary>
    <country>FR</country>
	<director  id='259' >
	    <last_name>Truffaut</last_name>
	    <first_name>François</first_name>
	</director>
	<actor  id='260' >
	    <first_name>Jean-Pierre</first_name>
	    <last_name>Léaud</last_name>
	    <birth_date>1944</birth_date>
	    <role>Antoine Doinel</role>
	</actor>

  </movie>
