  <movie>
    <title>Une journée en enfer</title>
    <year>1995</year>
    <genre>Action</genre>
    <summary>John McClane est cette fois-ci aux prises avec un maître chanteur, facétieux et dangereux, qui dépose des bombes dans New York.</summary>
    <country>USA</country>
    <version>1</version>
	<director  id='168' >
	    <last_name>Grier</last_name>
	    <first_name>Pam</first_name>
	    <birth_date>1949</birth_date>
	</director>
	<actor  id='27' >
	    <first_name>Bruce</first_name>
	    <last_name>Willis</last_name>
	    <birth_date>1955</birth_date>
	    <role>McClane</role>
	</actor>
	<actor  id='38' >
	    <first_name>Samuel L.</first_name>
	    <last_name>Jackson</last_name>
	    <birth_date>1948</birth_date>
	    <role>Zeus Carver</role>
	</actor>
	<actor  id='169' >
	    <first_name>Bridget</first_name>
	    <last_name>Fonda</last_name>
	    <birth_date>1964</birth_date>
	    <role>Simon Gruber</role>
	</actor>

  </movie>
