  <movie>
    <title>Nikita</title>
    <year>1990</year>
    <genre>Thriller</genre>
    <summary>Nikita, droguée et violente, est prise en mains par des psychiatres qui la rééduquent, la conditionnent, afin
	 d'en faire une tueuse à la botte des Services Secrets. Plus tard, réalisant ce qu'elle est devenue, un pion
	 sans vie privée que l'on manipule, elle tente d'échapper à ses commanditaires. </summary>
    <country>FR</country>
    <version>1</version>
	<director  id='111' >
	    <last_name>Besson</last_name>
	    <first_name>Luc</first_name>
	    <birth_date>1959</birth_date>
	</director>
	<actor  id='115' >
	    <first_name>Tchky</first_name>
	    <last_name>Karyo</last_name>
	    <birth_date>1953</birth_date>
	    <role>Bob</role>
	</actor>
	<actor  id='119' >
	    <first_name>Anne</first_name>
	    <last_name>Parillaud</last_name>
	    <birth_date>1960</birth_date>
	    <role>Nikita</role>
	</actor>
	<actor  id='120' >
	    <first_name>Jean-Hughes</first_name>
	    <last_name>Anglade</last_name>
	    <birth_date>1955</birth_date>
	    <role>Marco</role>
	</actor>

  </movie>
