[
{
"_id": "artist:1",
"last_name": "Coppola",
"first_name": "Sofia",
"birth_date": "1971"
},
	{
"_id": "artist:2",
"last_name": "Dunst",
"first_name": "Kirsten",
"birth_date": null
},
	{
"_id": "artist:3",
"last_name": "Hitchcock",
"first_name": "Alfred",
"birth_date": "1899"
},
	{
"_id": "artist:4",
"last_name": "Scott",
"first_name": "Ridley",
"birth_date": "1937"
},
	{
"_id": "artist:5",
"last_name": "Weaver",
"first_name": "Sigourney",
"birth_date": "1949"
},
	{
"_id": "artist:6",
"last_name": "Cameron",
"first_name": "James",
"birth_date": "1954"
},
	{
"_id": "artist:7",
"last_name": "Fleischer",
"first_name": "Richard ",
"birth_date": "1973"
},
	{
"_id": "artist:8",
"last_name": "Hestone",
"first_name": "Charlton ",
"birth_date": "1923"
},
	{
"_id": "artist:9",
"last_name": "Tarkovski",
"first_name": "Andrei",
"birth_date": "1932"
},
	{
"_id": "artist:10",
"last_name": "Woo",
"first_name": "John",
"birth_date": "1946"
},
	{
"_id": "artist:11",
"last_name": "Travolta",
"first_name": "John",
"birth_date": "1954"
},
	{
"_id": "artist:12",
"last_name": "Cage",
"first_name": "Nicolas",
"birth_date": "1964"
},
	{
"_id": "artist:13",
"last_name": "Burton",
"first_name": "Tim",
"birth_date": "1958"
},
	{
"_id": "artist:14",
"last_name": "Depp",
"first_name": "Johnny",
"birth_date": "1964"
},
	{
"_id": "artist:15",
"last_name": "Stewart",
"first_name": "James",
"birth_date": "1908"
},
	{
"_id": "artist:16",
"last_name": "Novak",
"first_name": "Kim",
"birth_date": "1925"
},
	{
"_id": "artist:17",
"last_name": "Mendes",
"first_name": "Sam",
"birth_date": "1965"
},
	{
"_id": "artist:18",
"last_name": "Spacey",
"first_name": "Kevin",
"birth_date": "1959"
},
	{
"_id": "artist:19",
"last_name": "Bening",
"first_name": "Anette",
"birth_date": "1958"
},
	{
"_id": "artist:20",
"last_name": "Eastwood",
"first_name": "Clint",
"birth_date": "1930"
},
	{
"_id": "artist:21",
"last_name": "Hackman",
"first_name": "Gene",
"birth_date": "1930"
},
	{
"_id": "artist:22",
"last_name": "Freeman",
"first_name": "Morgan",
"birth_date": "1937"
},
	{
"_id": "artist:23",
"last_name": "Crowe",
"first_name": "Russell",
"birth_date": "1964"
},
	{
"_id": "artist:24",
"last_name": "Ford",
"first_name": "Harrison",
"birth_date": "1942"
},
	{
"_id": "artist:25",
"last_name": "Hauer",
"first_name": "Rutger",
"birth_date": "1944"
},
	{
"_id": "artist:26",
"last_name": "McTierman",
"first_name": "John",
"birth_date": "1951"
},
	{
"_id": "artist:27",
"last_name": "Willis",
"first_name": "Bruce",
"birth_date": "1955"
},
	{
"_id": "artist:28",
"last_name": "Harlin",
"first_name": "Renny",
"birth_date": "1959"
},
	{
"_id": "artist:29",
"last_name": "Pialat",
"first_name": "Maurice",
"birth_date": "1925"
},
	{
"_id": "artist:30",
"last_name": "Dutronc",
"first_name": "Jacques",
"birth_date": "1943"
},
	{
"_id": "artist:31",
"last_name": "Fincher",
"first_name": "David",
"birth_date": "1962"
},
	{
"_id": "artist:32",
"last_name": "Pitt",
"first_name": "Brad",
"birth_date": "1963"
},
	{
"_id": "artist:33",
"last_name": "Gilliam",
"first_name": "Terry",
"birth_date": "1940"
},
	{
"_id": "artist:34",
"last_name": "Annaud",
"first_name": "Jean-Jacques",
"birth_date": "1943"
},
	{
"_id": "artist:35",
"last_name": "Connery",
"first_name": "Sean",
"birth_date": "1930"
},
	{
"_id": "artist:36",
"last_name": "Slater",
"first_name": "Christian",
"birth_date": "1969"
},
	{
"_id": "artist:37",
"last_name": "Tarantino",
"first_name": "Quentin",
"birth_date": "1963"
},
	{
"_id": "artist:38",
"last_name": "Jackson",
"first_name": "Samuel L.",
"birth_date": "1948"
},
	{
"_id": "artist:39",
"last_name": "Arquette",
"first_name": "Rosanna",
"birth_date": "1959"
},
	{
"_id": "artist:40",
"last_name": "Thurman",
"first_name": "Uma",
"birth_date": "1970"
},
	{
"_id": "artist:41",
"last_name": "Farrelly",
"first_name": "Bobby",
"birth_date": "1958"
},
	{
"_id": "artist:42",
"last_name": "Diaz",
"first_name": "Cameron",
"birth_date": "1972"
},
	{
"_id": "artist:43",
"last_name": "Dillon",
"first_name": "Mat",
"birth_date": "1964"
},
	{
"_id": "artist:44",
"last_name": "Schwartzenegger",
"first_name": "Arnold",
"birth_date": "1947"
},
	{
"_id": "artist:45",
"last_name": "Spielberg",
"first_name": "Steven",
"birth_date": "1946"
},
	{
"_id": "artist:46",
"last_name": "Scheider",
"first_name": "Roy",
"birth_date": "1932"
},
	{
"_id": "artist:47",
"last_name": "Shaw",
"first_name": "Robert",
"birth_date": "1927"
},
	{
"_id": "artist:48",
"last_name": "Dreyfus",
"first_name": "Richard",
"birth_date": "1947"
},
	{
"_id": "artist:49",
"last_name": "Demme",
"first_name": "Jonathan",
"birth_date": "1944"
},
	{
"_id": "artist:50",
"last_name": "Hopkins",
"first_name": "Anthony",
"birth_date": "1937"
},
	{
"_id": "artist:51",
"last_name": "Foster",
"first_name": "Jodie",
"birth_date": null
},
	{
"_id": "artist:53",
"last_name": "Kilmer",
"first_name": "Val",
"birth_date": "1959"
},
	{
"_id": "artist:57",
"last_name": "Goldblum",
"first_name": "Jeff",
"birth_date": "1952"
},
	{
"_id": "artist:58",
"last_name": "Emmerich",
"first_name": "Roland",
"birth_date": "1955"
},
	{
"_id": "artist:59",
"last_name": "Broderick",
"first_name": "Matthew",
"birth_date": "1962"
},
	{
"_id": "artist:60",
"last_name": "Reno",
"first_name": "Jean",
"birth_date": "1948"
},
	{
"_id": "artist:61",
"last_name": "Wachowski",
"first_name": "Andy",
"birth_date": "1967"
},
	{
"_id": "artist:62",
"last_name": "Reeves",
"first_name": "Keanu",
"birth_date": "1964"
},
	{
"_id": "artist:63",
"last_name": "Fishburne",
"first_name": "Laurence",
"birth_date": "1961"
},
	{
"_id": "artist:64",
"last_name": "De Palma",
"first_name": "Brian",
"birth_date": "1940"
},
	{
"_id": "artist:65",
"last_name": "Cruise",
"first_name": "Tom",
"birth_date": "1962"
},
	{
"_id": "artist:66",
"last_name": "Voight",
"first_name": "John",
"birth_date": "1938"
},
	{
"_id": "artist:67",
"last_name": "Bart",
"first_name": "Emmanuelle",
"birth_date": "1965"
},
	{
"_id": "artist:68",
"last_name": "Kurozawa",
"first_name": "Akira",
"birth_date": "1910"
},
	{
"_id": "artist:69",
"last_name": "Harris",
"first_name": "Ed",
"birth_date": "1950"
},
	{
"_id": "artist:71",
"last_name": "Girault",
"first_name": "Jean",
"birth_date": "1924"
},
	{
"_id": "artist:72",
"last_name": "De Funs",
"first_name": "Louis",
"birth_date": "1914"
},
	{
"_id": "artist:73",
"last_name": "Galabru",
"first_name": "Michel",
"birth_date": "1922"
},
	{
"_id": "artist:75",
"last_name": "Balasko",
"first_name": "Josiane",
"birth_date": "1950"
},
	{
"_id": "artist:76",
"last_name": "Lavanant",
"first_name": "Dominique",
"birth_date": "1944"
},
	{
"_id": "artist:79",
"last_name": "Levinson",
"first_name": "Barry",
"birth_date": "1942"
},
	{
"_id": "artist:80",
"last_name": "Hoffman",
"first_name": "Dustin",
"birth_date": "1937"
},
	{
"_id": "artist:81",
"last_name": "Scott",
"first_name": "Tony",
"birth_date": "1944"
},
	{
"_id": "artist:82",
"last_name": "McGillis",
"first_name": "Kelly",
"birth_date": "1957"
},
	{
"_id": "artist:83",
"last_name": "Leconte",
"first_name": "Patrice",
"birth_date": "1947"
},
	{
"_id": "artist:84",
"last_name": "Blanc",
"first_name": "Michel",
"birth_date": "1952"
},
	{
"_id": "artist:85",
"last_name": "Clavier",
"first_name": "Christian",
"birth_date": "1952"
},
	{
"_id": "artist:86",
"last_name": "Lhermite",
"first_name": "Thierry",
"birth_date": "1952"
},
	{
"_id": "artist:88",
"last_name": "Perkins",
"first_name": "Anthony",
"birth_date": "1932"
},
	{
"_id": "artist:89",
"last_name": "Miles",
"first_name": "Vera",
"birth_date": "1929"
},
	{
"_id": "artist:90",
"last_name": "Leigh",
"first_name": "Janet",
"birth_date": "1927"
},
	{
"_id": "artist:91",
"last_name": "Marquand",
"first_name": "Richard",
"birth_date": "1938"
},
	{
"_id": "artist:92",
"last_name": "Hamill",
"first_name": "Mark",
"birth_date": "1951"
},
	{
"_id": "artist:93",
"last_name": "Fisher",
"first_name": "Carrie",
"birth_date": "1956"
},
	{
"_id": "artist:94",
"last_name": "Taylor",
"first_name": "Rod",
"birth_date": "1930"
},
	{
"_id": "artist:95",
"last_name": "Hedren",
"first_name": "Tippi",
"birth_date": "1931"
},
	{
"_id": "artist:96",
"last_name": "Ricci",
"first_name": "Christina",
"birth_date": "1980"
},
	{
"_id": "artist:97",
"last_name": "Walken",
"first_name": "Christopher",
"birth_date": "1943"
},
	{
"_id": "artist:98",
"last_name": "Keitel",
"first_name": "Harvey",
"birth_date": "1939"
},
	{
"_id": "artist:99",
"last_name": "Roth",
"first_name": "Tim",
"birth_date": "1961"
},
	{
"_id": "artist:100",
"last_name": "Penn",
"first_name": "Chris",
"birth_date": "1966"
},
	{
"_id": "artist:101",
"last_name": "Kubrick",
"first_name": "Stanley",
"birth_date": "1928"
},
	{
"_id": "artist:102",
"last_name": "Kidman",
"first_name": "Nicole",
"birth_date": "1967"
},
	{
"_id": "artist:103",
"last_name": "Nicholson",
"first_name": "Jack",
"birth_date": "1937"
},
	{
"_id": "artist:105",
"last_name": "Grant",
"first_name": "Cary",
"birth_date": "1904"
},
	{
"_id": "artist:106",
"last_name": "Saint",
"first_name": "Eva Marie",
"birth_date": "1924"
},
	{
"_id": "artist:107",
"last_name": "Mason",
"first_name": "James",
"birth_date": "1909"
},
	{
"_id": "artist:109",
"last_name": "Winslet",
"first_name": "Kate",
"birth_date": "1975"
},
	{
"_id": "artist:110",
"last_name": "DiCaprio",
"first_name": "Leonardo",
"birth_date": "1974"
},
	{
"_id": "artist:111",
"last_name": "Besson",
"first_name": "Luc",
"birth_date": "1959"
},
	{
"_id": "artist:112",
"last_name": "Jovovich",
"first_name": "Milla",
"birth_date": "1975"
},
	{
"_id": "artist:113",
"last_name": "Dunaway",
"first_name": "Fane",
"birth_date": "1941"
},
	{
"_id": "artist:114",
"last_name": "Malkovitch",
"first_name": "John",
"birth_date": "1953"
},
	{
"_id": "artist:115",
"last_name": "Karyo",
"first_name": "Tchky",
"birth_date": "1953"
},
	{
"_id": "artist:116",
"last_name": "Oldman",
"first_name": "Gary",
"birth_date": "1958"
},
	{
"_id": "artist:117",
"last_name": "Holm",
"first_name": "Ian",
"birth_date": "1931"
},
	{
"_id": "artist:118",
"last_name": "Portman",
"first_name": "Natalie",
"birth_date": "1981"
},
	{
"_id": "artist:119",
"last_name": "Parillaud",
"first_name": "Anne",
"birth_date": "1960"
},
	{
"_id": "artist:120",
"last_name": "Anglade",
"first_name": "Jean-Hughes",
"birth_date": "1955"
},
	{
"_id": "artist:121",
"last_name": "Barr",
"first_name": "Jean-Marc",
"birth_date": "1960"
},
	{
"_id": "artist:122",
"last_name": "Ferrara",
"first_name": "Abel",
"birth_date": "1951"
},
	{
"_id": "artist:124",
"last_name": "Snipes",
"first_name": "Wesley",
"birth_date": "1962"
},
	{
"_id": "artist:125",
"last_name": "Sciora",
"first_name": "Annabella",
"birth_date": "1964"
},
	{
"_id": "artist:126",
"last_name": "Rosselini",
"first_name": "Isabella",
"birth_date": "1952"
},
	{
"_id": "artist:127",
"last_name": "Gallo",
"first_name": "Vincent",
"birth_date": "1961"
},
	{
"_id": "artist:128",
"last_name": "von Trier",
"first_name": "Lars",
"birth_date": "1956"
},
	{
"_id": "artist:130",
"last_name": "Deneuve",
"first_name": "Catherine",
"birth_date": "1943"
},
	{
"_id": "artist:131",
"last_name": "Kassowitz",
"first_name": "Matthieu",
"birth_date": "1967"
},
	{
"_id": "artist:132",
"last_name": "Cassel",
"first_name": "Vincent",
"birth_date": "1966"
},
	{
"_id": "artist:134",
"last_name": "Wahlberg",
"first_name": "Mark",
"birth_date": "1971"
},
	{
"_id": "artist:135",
"last_name": "Phoenix",
"first_name": "Joaquin",
"birth_date": "1974"
},
	{
"_id": "artist:136",
"last_name": "Theron",
"first_name": "Charlize",
"birth_date": "1975"
},
	{
"_id": "artist:137",
"last_name": "Caan",
"first_name": "James",
"birth_date": "1940"
},
	{
"_id": "artist:138",
"last_name": "Chabrol",
"first_name": "Claude",
"birth_date": "1930"
},
	{
"_id": "artist:139",
"last_name": "Huppert",
"first_name": "Isabelle",
"birth_date": "1953"
},
	{
"_id": "artist:140",
"last_name": "Mouglalis",
"first_name": "Anna",
"birth_date": "1978"
},
	{
"_id": "artist:141",
"last_name": "Costner",
"first_name": "Kevin",
"birth_date": "1955"
},
	{
"_id": "artist:142",
"last_name": "Dern",
"first_name": "Laura",
"birth_date": "1967"
},
	{
"_id": "artist:143",
"last_name": "Hanks",
"first_name": "Tom",
"birth_date": "1956"
},
	{
"_id": "artist:144",
"last_name": "Sizemore",
"first_name": "Tom",
"birth_date": "1964"
},
	{
"_id": "artist:145",
"last_name": "Damon",
"first_name": "Matt",
"birth_date": "1970"
},
	{
"_id": "artist:146",
"last_name": "Modine",
"first_name": "Matthew",
"birth_date": "1959"
},
	{
"_id": "artist:147",
"last_name": "Baldwin",
"first_name": "Adam",
"birth_date": "1962"
},
	{
"_id": "artist:148",
"last_name": "O'Neal",
"first_name": "Ryan",
"birth_date": "1941"
},
	{
"_id": "artist:149",
"last_name": "Berenson",
"first_name": "Marisa",
"birth_date": "1946"
},
	{
"_id": "artist:155",
"last_name": "Hayden",
"first_name": "Sterling",
"birth_date": "1916"
},
	{
"_id": "artist:167",
"last_name": "De Niro",
"first_name": "Robert",
"birth_date": "1943"
},
	{
"_id": "artist:168",
"last_name": "Grier",
"first_name": "Pam",
"birth_date": "1949"
},
	{
"_id": "artist:169",
"last_name": "Fonda",
"first_name": "Bridget",
"birth_date": "1964"
},
	{
"_id": "artist:170",
"last_name": "Keaton",
"first_name": "Michael",
"birth_date": "1951"
},
	{
"_id": "artist:171",
"last_name": "Shyamalan",
"first_name": "M. Night",
"birth_date": "1970"
},
	{
"_id": "artist:172",
"last_name": "Osment",
"first_name": "Haley Joel",
"birth_date": "1988"
},
	{
"_id": "artist:173",
"last_name": "Collette",
"first_name": "Tony",
"birth_date": "1972"
},
	{
"_id": "artist:174",
"last_name": "Leighton",
"first_name": "Eric",
"birth_date": "1962"
},
	{
"_id": "artist:175",
"last_name": "Mann",
"first_name": "Michael",
"birth_date": "1943"
},
	{
"_id": "artist:176",
"last_name": "Pacino",
"first_name": "Al",
"birth_date": "1940"
},
	{
"_id": "artist:177",
"last_name": "Crowe",
"first_name": "Russel",
"birth_date": "1964"
},
	{
"_id": "artist:181",
"last_name": "Coppola",
"first_name": "Francis Ford",
"birth_date": "1940"
},
	{
"_id": "artist:182",
"last_name": "Brando",
"first_name": "Marlon",
"birth_date": "1924"
},
	{
"_id": "artist:183",
"last_name": "Keaton",
"first_name": "Diane",
"birth_date": "1946"
},
	{
"_id": "artist:184",
"last_name": "Duvall",
"first_name": "Robert",
"birth_date": "1931"
},
	{
"_id": "artist:186",
"last_name": "Garcia",
"first_name": "Andy",
"birth_date": "1956"
},
	{
"_id": "artist:187",
"last_name": "Raimi",
"first_name": "Sam",
"birth_date": "1959"
},
	{
"_id": "artist:210",
"last_name": "Moss",
"first_name": "Carrie-Anne",
"birth_date": "1967"
},
	{
"_id": "artist:211",
"last_name": "Weaving",
"first_name": "Hugo",
"birth_date": "1960"
},
	{
"_id": "artist:212",
"last_name": "Jackson",
"first_name": "Samuel",
"birth_date": "1948"
},
	{
"_id": "artist:213",
"last_name": "Liu",
"first_name": "Lucy",
"birth_date": "1968"
},
	{
"_id": "artist:214",
"last_name": "Carradine",
"first_name": "David",
"birth_date": "1936"
},
	{
"_id": "artist:215",
"last_name": "Madsen",
"first_name": "Michael",
"birth_date": "1958"
},
	{
"_id": "artist:216",
"last_name": "Hannah",
"first_name": "Daryl",
"birth_date": "1960"
},
	{
"_id": "artist:217",
"last_name": "Buscemi",
"first_name": "Steve",
"birth_date": "1957"
},
	{
"_id": "artist:218",
"last_name": "Bunker",
"first_name": "Edward",
"birth_date": "1933"
},
	{
"_id": "artist:219",
"last_name": "Leone",
"first_name": "Sergio",
"birth_date": "1929"
},
	{
"_id": "artist:224",
"last_name": "Swank",
"first_name": "Hillary",
"birth_date": "1974"
},
	{
"_id": "artist:241",
"last_name": "Scorcese",
"first_name": "Martin",
"birth_date": "1962"
},
	{
"_id": "artist:242",
"last_name": "Liotta",
"first_name": "Ray",
"birth_date": "1954"
},
	{
"_id": "artist:243",
"last_name": "Pesci",
"first_name": "Joe",
"birth_date": "1943"
},
	{
"_id": "artist:244",
"last_name": "Bracco",
"first_name": "Lorraine",
"birth_date": "1954"
},
	{
"_id": "artist:245",
"last_name": "Stone",
"first_name": "Sharon",
"birth_date": "1958"
},
	{
"_id": "artist:246",
"last_name": "Campbell",
"first_name": "Martin",
"birth_date": "1943"
},
	{
"_id": "artist:247",
"last_name": "Craig",
"first_name": "Daniel",
"birth_date": "1968"
},
	{
"_id": "artist:248",
"last_name": "Green",
"first_name": "Eva",
"birth_date": "1980"
},
	{
"_id": "artist:249",
"last_name": "Bench",
"first_name": "Judi",
"birth_date": "1934"
},
	{
"_id": "artist:250",
"last_name": "Bardem",
"first_name": "Javier",
"birth_date": "1969"
},
	{
"_id": "artist:251",
"last_name": "Coen",
"first_name": "Ethan",
"birth_date": "1957"
},
	{
"_id": "artist:252",
"last_name": "Jones",
"first_name": "Tommy Lee",
"birth_date": "1946"
},
	{
"_id": "artist:253",
"last_name": "Brolin",
"first_name": "Josh",
"birth_date": "1968"
},
	{
"_id": "artist:254",
"last_name": "Macy",
"first_name": "William",
"birth_date": "1950"
},
	{
"_id": "artist:255",
"last_name": "Foxx",
"first_name": "Jamie",
"birth_date": "1967"
},
	{
"_id": "artist:256",
"last_name": "Waltz",
"first_name": "Christoph",
"birth_date": "1956"
},
	{
"_id": "artist:257",
"last_name": "Laurent",
"first_name": "Mélanie",
"birth_date": "1983"
},
	{
"_id": "artist:258",
"last_name": "Fassbender",
"first_name": "Michael",
"birth_date": "1977"
},
	{
"_id": "artist:259",
"last_name": "Truffaut",
"first_name": "François",
"birth_date": null
},
	{
"_id": "artist:260",
"last_name": "Léaud",
"first_name": "Jean-Pierre",
"birth_date": "1944"
},
	{
"_id": "artist:261",
"last_name": "Departieu",
"first_name": "Gérard",
"birth_date": null
},
	{
"_id": "artist:262",
"last_name": "Poiret",
"first_name": "Jean",
"birth_date": "1926"
},
	{
"_id": "artist:263",
"last_name": "Ford",
"first_name": "John",
"birth_date": "1894"
},
	{
"_id": "artist:264",
"last_name": "Wayne",
"first_name": "John",
"birth_date": "1907"
},
	{
"_id": "artist:265",
"last_name": "O'Hara",
"first_name": "Maureen",
"birth_date": "1920"
},
	{
"_id": "artist:266",
"last_name": "Nolan",
"first_name": "Christopher",
"birth_date": "1970"
},
	{
"_id": "artist:267",
"last_name": "McConaughey",
"first_name": "Mathew",
"birth_date": "1969"
},
	{
"_id": "artist:268",
"last_name": "Hathaway",
"first_name": "Anne",
"birth_date": "1982"
},
	{
"_id": "artist:269",
"last_name": "Caine",
"first_name": "Michael",
"birth_date": "1933"
},
	{
"_id": "artist:270",
"last_name": "Page",
"first_name": "Elen",
"birth_date": null
},
	{
"_id": "artist:271",
"last_name": "Cotillard",
"first_name": "Marion",
"birth_date": "1975"
},
	{
"_id": "artist:272",
"last_name": "Pearce",
"first_name": "Guy",
"birth_date": "1967"
},
	{
"_id": "artist:273",
"last_name": "Moss",
"first_name": "Carie-Anne",
"birth_date": "1967"
},
	{
"_id": "artist:274",
"last_name": "Bale",
"first_name": "Christian",
"birth_date": "1974"
},
	{
"_id": "artist:275",
"last_name": "Neeson",
"first_name": "Liam",
"birth_date": "1952"
},
	{
"_id": "artist:276",
"last_name": "Ledger",
"first_name": "Heath",
"birth_date": "1979"
},
	{
"_id": "artist:277",
"last_name": "Gyllenhaal",
"first_name": "Maggie",
"birth_date": "1977"
},
	{
"_id": "artist:278",
"last_name": "Audiard",
"first_name": "Jacques",
"birth_date": "1952"
},
	{
"_id": "artist:279",
"last_name": "Rahim",
"first_name": "Tahar",
"birth_date": "1981"
},
	{
"_id": "artist:280",
"last_name": "Arestrup",
"first_name": "Niels",
"birth_date": "1949"
},
	{
"_id": "artist:281",
"last_name": " Kheiron",
"first_name": "Tabib",
"birth_date": null
}
]